<?xml version="1.0" encoding="UTF-8"?>

<ActivityDefinition xmlns="http://hl7.org/fhir">
  <id value="chf-report-bodyweight"/>
  <meta>
    <profile value="http://hl7.org/fhir/uv/cpg/StructureDefinition/cpg-computableactivity"/>
  </meta>
  <text>
    <status value="extensions"/><div xmlns="http://www.w3.org/1999/xhtml"><p class="res-header-id"><b>Generated Narrative: ActivityDefinition chf-report-bodyweight</b></p><a name="chf-report-bodyweight"> </a><a name="hcchf-report-bodyweight"> </a><a name="chf-report-bodyweight-en-US"> </a><p><b>knowledgeCapability</b>: shareable</p><p><b>knowledgeCapability</b>: computable</p><p><b>knowledgeCapability</b>: publishable</p><p><b>knowledgeRepresentationLevel</b>: structured</p><p><b>reportWith</b>: <a href="Measure-chf-bodyweight-measure.html">CHF Body Weight Metric</a></p><p><b>url</b>: <a href="ActivityDefinition-chf-report-bodyweight.html">ActivityDefinition CHFReportBodyWeight</a></p><p><b>version</b>: 1.0.0</p><p><b>name</b>: CHFReportBodyWeight</p><p><b>status</b>: Active</p><p><b>experimental</b>: true</p><p><b>date</b>: 2024-11-18 18:36:46+0000</p><p><b>publisher</b>: HL7 International - Clinical Decision Support WG</p><p><b>contact</b>: HL7 International - Clinical Decision Support WG: <a href="http://www.hl7.org/Special/committees/dss/index.cfm">http://www.hl7.org/Special/committees/dss/index.cfm</a></p><p><b>description</b>: </p><div><p>Record body weight metric</p>
</div><p><b>jurisdiction</b>: <span title="Codes:{http://unstats.un.org/unsd/methods/m49/m49.htm 001}">World</span></p><p><b>kind</b>: Task</p><p><b>profile</b>: <a href="http://hl7.org/fhir/uv/cpg/STU1/StructureDefinition-cpg-generatereporttask.html">CPGGenerateReportTask</a></p><p><b>code</b>: <span title="Codes:{http://hl7.org/fhir/uv/cpg/CodeSystem/cpg-activity-type-cs generate-report}">Generate a metric or case report</span></p><p><b>doNotPerform</b>: false</p><blockquote><p><b>dynamicValue</b></p><p><b>path</b>: input.type</p><h3>Expressions</h3><table class="grid"><tr><td style="display: none">-</td><td><b>Language</b></td><td><b>Expression</b></td></tr><tr><td style="display: none">*</td><td>CQL</td><td>code</td></tr></table></blockquote><blockquote><p><b>dynamicValue</b></p><p><b>path</b>: input.value</p><h3>Expressions</h3><table class="grid"><tr><td style="display: none">-</td><td><b>Language</b></td><td><b>Expression</b></td></tr><tr><td style="display: none">*</td><td>CQL</td><td>extension('http://hl7.org/fhir/uv/cpg/StructureDefinition/cpg-reportWith').value</td></tr></table></blockquote></div>
  </text>
  <extension url="http://hl7.org/fhir/uv/cpg/StructureDefinition/cpg-knowledgeCapability">
    <valueCode value="shareable"/>
  </extension>
  <extension url="http://hl7.org/fhir/uv/cpg/StructureDefinition/cpg-knowledgeCapability">
    <valueCode value="computable"/>
  </extension>
  <extension url="http://hl7.org/fhir/uv/cpg/StructureDefinition/cpg-knowledgeCapability">
    <valueCode value="publishable"/>
  </extension>
  <extension url="http://hl7.org/fhir/uv/cpg/StructureDefinition/cpg-knowledgeRepresentationLevel">
    <valueCode value="structured"/>
  </extension>
  <extension url="http://hl7.org/fhir/uv/cpg/StructureDefinition/cpg-reportWith">
    <valueCanonical value="http://hl7.org/fhir/uv/cpg/chf/Measure/chf-bodyweight-measure"/>
  </extension>
  <url value="http://hl7.org/fhir/uv/cpg/chf/ActivityDefinition/chf-report-bodyweight"/>
  <version value="1.0.0"/>
  <name value="CHFReportBodyWeight"/>
  <status value="active"/>
  <experimental value="true"/>
  <date value="2024-11-18T18:36:46+00:00"/>
  <publisher value="HL7 International - Clinical Decision Support WG"/>
  <contact>
    <name value="HL7 International - Clinical Decision Support WG"/>
    <telecom>
      <system value="url"/>
      <value value="http://www.hl7.org/Special/committees/dss/index.cfm"/>
    </telecom>
  </contact>
  <description value="Record body weight metric"/>
  <jurisdiction>
    <coding>
      <system value="http://unstats.un.org/unsd/methods/m49/m49.htm"/>
      <code value="001"/>
      <display value="World"/>
    </coding>
  </jurisdiction>
  <kind value="Task"/>
  <profile value="http://hl7.org/fhir/uv/cpg/StructureDefinition/cpg-generatereporttask"/>
  <code>
    <coding>
      <system value="http://hl7.org/fhir/uv/cpg/CodeSystem/cpg-activity-type-cs"/>
      <code value="generate-report"/>
      <display value="Generate a metric or case report"/>
    </coding>
  </code>
  <doNotPerform value="false"/>
  <dynamicValue>
    <path value="input.type"/>
    <expression>
      <language value="text/cql"/>
      <expression value="code"/>
    </expression>
  </dynamicValue>
  <dynamicValue>
    <path value="input.value"/>
    <expression>
      <language value="text/cql"/>
      <expression value="extension('http://hl7.org/fhir/uv/cpg/StructureDefinition/cpg-reportWith').value"/>
    </expression>
  </dynamicValue>
</ActivityDefinition>