<?xml version="1.0" encoding="UTF-8"?>

<ActivityDefinition xmlns="http://hl7.org/fhir">
  <id value="chf-lasix-po"/>
  <meta>
    <profile value="http://hl7.org/fhir/uv/cpg/StructureDefinition/cpg-computableactivity"/>
  </meta>
  <text>
    <status value="extensions"/><div xmlns="http://www.w3.org/1999/xhtml"><p class="res-header-id"><b>Generated Narrative: ActivityDefinition chf-lasix-po</b></p><a name="chf-lasix-po"> </a><a name="hcchf-lasix-po"> </a><a name="chf-lasix-po-en-US"> </a><p><b>knowledgeCapability</b>: shareable</p><p><b>knowledgeCapability</b>: computable</p><p><b>knowledgeCapability</b>: publishable</p><p><b>knowledgeRepresentationLevel</b>: structured</p><p><b>url</b>: <a href="ActivityDefinition-chf-lasix-po.html">ActivityDefinition CHFLASIXPO</a></p><p><b>version</b>: 1.0.0</p><p><b>name</b>: CHFLASIXPO</p><p><b>status</b>: Active</p><p><b>experimental</b>: true</p><p><b>date</b>: 2024-11-18 18:36:46+0000</p><p><b>publisher</b>: HL7 International - Clinical Decision Support WG</p><p><b>contact</b>: HL7 International - Clinical Decision Support WG: <a href="http://www.hl7.org/Special/committees/dss/index.cfm">http://www.hl7.org/Special/committees/dss/index.cfm</a></p><p><b>description</b>: </p><div><p>Activity definition to administer LASIX PO as part of a congestive heart failure pathway</p>
</div><p><b>jurisdiction</b>: <span title="Codes:{http://unstats.un.org/unsd/methods/m49/m49.htm 001}">World</span></p><p><b>kind</b>: MedicationRequest</p><p><b>profile</b>: <a href="http://hl7.org/fhir/uv/cpg/STU1/StructureDefinition-cpg-medicationrequest.html">CPGMedicationRequest</a></p><p><b>code</b>: <span title="Codes:{http://hl7.org/fhir/uv/cpg/CodeSystem/cpg-activity-type-cs order-medication}">Order a medication</span></p><p><b>intent</b>: Proposal</p><p><b>priority</b>: Routine</p><p><b>doNotPerform</b>: false</p><p><b>product</b>: <span title="Codes:{http://hl7.org/fhir/uv/cpg/chf/CodeSystem/chf-codes lasix-po}">LASIX PO</span></p><blockquote><p><b>dosage</b></p><p><b>sequence</b>: 1</p><p><b>text</b>: 40mg</p><p><b>timing</b>: Once per 1 days</p><p><b>route</b>: <span title="Codes:{http://snomed.info/sct 26643006}">Oral Route (qualifier value)</span></p><h3>DoseAndRates</h3><table class="grid"><tr><td style="display: none">-</td><td><b>Type</b></td><td><b>Dose[x]</b></td></tr><tr><td style="display: none">*</td><td><span title="Codes:{http://terminology.hl7.org/CodeSystem/dose-rate-type ordered}">Ordered</span></td><td>40 mg<span style="background: LightGoldenRodYellow"> (Details: UCUM  codemg = 'mg')</span></td></tr></table></blockquote></div>
  </text>
  <extension url="http://hl7.org/fhir/uv/cpg/StructureDefinition/cpg-knowledgeCapability">
    <valueCode value="shareable"/>
  </extension>
  <extension url="http://hl7.org/fhir/uv/cpg/StructureDefinition/cpg-knowledgeCapability">
    <valueCode value="computable"/>
  </extension>
  <extension url="http://hl7.org/fhir/uv/cpg/StructureDefinition/cpg-knowledgeCapability">
    <valueCode value="publishable"/>
  </extension>
  <extension url="http://hl7.org/fhir/uv/cpg/StructureDefinition/cpg-knowledgeRepresentationLevel">
    <valueCode value="structured"/>
  </extension>
  <url value="http://hl7.org/fhir/uv/cpg/chf/ActivityDefinition/chf-lasix-po"/>
  <version value="1.0.0"/>
  <name value="CHFLASIXPO"/>
  <status value="active"/>
  <experimental value="true"/>
  <date value="2024-11-18T18:36:46+00:00"/>
  <publisher value="HL7 International - Clinical Decision Support WG"/>
  <contact>
    <name value="HL7 International - Clinical Decision Support WG"/>
    <telecom>
      <system value="url"/>
      <value value="http://www.hl7.org/Special/committees/dss/index.cfm"/>
    </telecom>
  </contact>
  <description value="Activity definition to administer LASIX PO as part of a congestive heart failure pathway"/>
  <jurisdiction>
    <coding>
      <system value="http://unstats.un.org/unsd/methods/m49/m49.htm"/>
      <code value="001"/>
      <display value="World"/>
    </coding>
  </jurisdiction>
  <kind value="MedicationRequest"/>
  <profile value="http://hl7.org/fhir/uv/cpg/StructureDefinition/cpg-medicationrequest"/>
  <code>
    <coding>
      <system value="http://hl7.org/fhir/uv/cpg/CodeSystem/cpg-activity-type-cs"/>
      <code value="order-medication"/>
      <display value="Order a medication"/>
    </coding>
  </code>
  <intent value="proposal"/>
  <priority value="routine"/>
  <doNotPerform value="false"/>
  <productCodeableConcept>
    <coding>
      <system value="http://hl7.org/fhir/uv/cpg/chf/CodeSystem/chf-codes"/>
      <code value="lasix-po"/>
      <display value="LASIX PO"/>
    </coding>
  </productCodeableConcept>
  <dosage>
    <sequence value="1"/>
    <text value="40mg"/>
    <timing>
      <repeat>
        <frequency value="1"/>
        <period value="1"/>
        <periodUnit value="d"/>
      </repeat>
    </timing>
    <route>
      <coding>
        <system value="http://snomed.info/sct"/>
        <code value="26643006"/>
        <display value="Oral Route (qualifier value)"/>
      </coding>
    </route>
    <doseAndRate>
      <type>
        <coding>
          <system value="http://terminology.hl7.org/CodeSystem/dose-rate-type"/>
          <code value="ordered"/>
          <display value="Ordered"/>
        </coding>
      </type>
      <doseQuantity>
        <value value="40"/>
        <unit value="mg"/>
        <system value="http://unitsofmeasure.org"/>
        <code value="mg"/>
      </doseQuantity>
    </doseAndRate>
  </dosage>
</ActivityDefinition>