<?xml version="1.0" encoding="UTF-8"?>

<ActivityDefinition xmlns="http://hl7.org/fhir">
  <id value="chf-bodyweight-ad"/>
  <meta>
    <profile value="http://hl7.org/fhir/uv/cpg/StructureDefinition/cpg-computableactivity"/>
  </meta>
  <text>
    <status value="extensions"/><div xmlns="http://www.w3.org/1999/xhtml"><p class="res-header-id"><b>Generated Narrative: ActivityDefinition chf-bodyweight-ad</b></p><a name="chf-bodyweight-ad"> </a><a name="hcchf-bodyweight-ad"> </a><a name="chf-bodyweight-ad-en-US"> </a><p><b>knowledgeCapability</b>: shareable</p><p><b>knowledgeCapability</b>: computable</p><p><b>knowledgeCapability</b>: publishable</p><p><b>knowledgeRepresentationLevel</b>: structured</p><p><b>url</b>: <a href="ActivityDefinition-chf-bodyweight-ad.html">ActivityDefinition CHFBodyWeight</a></p><p><b>version</b>: 1.0.0</p><p><b>name</b>: CHFBodyWeight</p><p><b>status</b>: Active</p><p><b>experimental</b>: true</p><p><b>date</b>: 2024-11-18 18:36:46+0000</p><p><b>publisher</b>: HL7 International - Clinical Decision Support WG</p><p><b>contact</b>: HL7 International - Clinical Decision Support WG: <a href="http://www.hl7.org/Special/committees/dss/index.cfm">http://www.hl7.org/Special/committees/dss/index.cfm</a></p><p><b>description</b>: </p><div><p>Measure body weight</p>
</div><p><b>jurisdiction</b>: <span title="Codes:{http://unstats.un.org/unsd/methods/m49/m49.htm 001}">World</span></p><p><b>kind</b>: ServiceRequest</p><p><b>profile</b>: <a href="http://hl7.org/fhir/uv/cpg/STU1/StructureDefinition-cpg-servicerequest.html">CPGServiceRequest</a></p><p><b>code</b>: <span title="Codes:{http://hl7.org/fhir/uv/cpg/CodeSystem/cpg-activity-type-cs order-service}">Order a service</span></p><p><b>intent</b>: Proposal</p><p><b>doNotPerform</b>: false</p><p><b>location</b>: <a href="Location-chf-locationdefinition.html">Location Cardiovascular diagnostics or therapeutics unit</a></p><h3>Participants</h3><table class="grid"><tr><td style="display: none">-</td><td><b>Type</b></td><td><b>Role</b></td></tr><tr><td style="display: none">*</td><td>Practitioner</td><td><span title="Codes:{http://terminology.hl7.org/CodeSystem/practitioner-role nurse}">Nurse</span></td></tr></table><p><b>product</b>: <span title="Codes:{http://snomed.info/sct 307818003}">Weight monitoring (regime/therapy)</span></p><blockquote><p><b>dynamicValue</b></p><p><b>path</b>: status</p><h3>Expressions</h3><table class="grid"><tr><td style="display: none">-</td><td><b>Language</b></td><td><b>Expression</b></td></tr><tr><td style="display: none">*</td><td>CQL</td><td>'draft'</td></tr></table></blockquote></div>
  </text>
  <extension url="http://hl7.org/fhir/uv/cpg/StructureDefinition/cpg-knowledgeCapability">
    <valueCode value="shareable"/>
  </extension>
  <extension url="http://hl7.org/fhir/uv/cpg/StructureDefinition/cpg-knowledgeCapability">
    <valueCode value="computable"/>
  </extension>
  <extension url="http://hl7.org/fhir/uv/cpg/StructureDefinition/cpg-knowledgeCapability">
    <valueCode value="publishable"/>
  </extension>
  <extension url="http://hl7.org/fhir/uv/cpg/StructureDefinition/cpg-knowledgeRepresentationLevel">
    <valueCode value="structured"/>
  </extension>
  <url value="http://hl7.org/fhir/uv/cpg/chf/ActivityDefinition/chf-bodyweight-ad"/>
  <version value="1.0.0"/>
  <name value="CHFBodyWeight"/>
  <status value="active"/>
  <experimental value="true"/>
  <date value="2024-11-18T18:36:46+00:00"/>
  <publisher value="HL7 International - Clinical Decision Support WG"/>
  <contact>
    <name value="HL7 International - Clinical Decision Support WG"/>
    <telecom>
      <system value="url"/>
      <value value="http://www.hl7.org/Special/committees/dss/index.cfm"/>
    </telecom>
  </contact>
  <description value="Measure body weight"/>
  <jurisdiction>
    <coding>
      <system value="http://unstats.un.org/unsd/methods/m49/m49.htm"/>
      <code value="001"/>
      <display value="World"/>
    </coding>
  </jurisdiction>
  <kind value="ServiceRequest"/>
  <profile value="http://hl7.org/fhir/uv/cpg/StructureDefinition/cpg-servicerequest"/>
  <code>
    <coding>
      <system value="http://hl7.org/fhir/uv/cpg/CodeSystem/cpg-activity-type-cs"/>
      <code value="order-service"/>
      <display value="Order a service"/>
    </coding>
  </code>
  <intent value="proposal"/>
  <doNotPerform value="false"/>
  <location>
    <reference value="Location/chf-locationdefinition"/>
  </location>
  <participant>
    <type value="practitioner"/>
    <role>
      <coding>
        <system value="http://terminology.hl7.org/CodeSystem/practitioner-role"/>
        <code value="nurse"/>
        <display value="Nurse"/>
      </coding>
    </role>
  </participant>
  <productCodeableConcept>
    <coding>
      <system value="http://snomed.info/sct"/>
      <code value="307818003"/>
      <display value="Weight monitoring (regime/therapy)"/>
    </coding>
  </productCodeableConcept>
  <dynamicValue>
    <path value="status"/>
    <expression>
      <language value="text/cql"/>
      <expression value="'draft'"/>
    </expression>
  </dynamicValue>
</ActivityDefinition>