<?xml version="1.0" encoding="UTF-8"?>

<CareTeam xmlns="http://hl7.org/fhir">
  <id value="chf-scenario1-careteam"/>
  <text>
    <status value="generated"/><div xmlns="http://www.w3.org/1999/xhtml"><p class="res-header-id"><b>Generated Narrative: CareTeam chf-scenario1-careteam</b></p><a name="chf-scenario1-careteam"> </a><a name="hcchf-scenario1-careteam"> </a><a name="chf-scenario1-careteam-en-US"> </a><p><b>status</b>: Active</p><p><b>name</b>: CHF Care Team</p><p><b>subject</b>: <a href="Patient-chf-scenario1-patient.html">Patterson, Jeremy Male, DoB: 1949-03-17</a></p><p><b>encounter</b>: <a href="Encounter-chf-scenario1-encounter.html">Encounter: status = in-progress; class = inpatient encounter (ActCode#IMP); type = Inpatient stay 9 days; priority = High priority; period = 2019-01-31 05:03:00+0000 --&gt; (ongoing)</a></p><blockquote><p><b>participant</b></p><p><b>role</b>: <span title="Codes:{http://snomed.info/sct 17561000}">Cardiologist</span></p><p><b>member</b>: <a href="PractitionerRole-chf-scenario1-practitionerrole.html">PractitionerRole Specialist medical practitioner</a></p></blockquote><blockquote><p><b>participant</b></p><p><b>role</b>: <span title="Codes:{http://snomed.info/sct 407542009}">Informal carer</span></p><p><b>member</b>: <a href="RelatedPerson-chf-scenario1-relatedperson.html">RelatedPerson Patterson, Maggie</a></p></blockquote><p><b>managingOrganization</b>: <a href="Organization-chf-scenario1-organization.html">Organization ACME Hospital</a></p></div>
  </text>
  <status value="active"/>
  <name value="CHF Care Team"/>
  <subject>
    <reference value="Patient/chf-scenario1-patient"/>
  </subject>
  <encounter>
    <reference value="Encounter/chf-scenario1-encounter"/>
  </encounter>
  <participant>
    <role>
      <coding>
        <system value="http://snomed.info/sct"/>
        <code value="17561000"/>
        <display value="Cardiologist"/>
      </coding>
    </role>
    <member>
      <reference value="PractitionerRole/chf-scenario1-practitionerrole"/>
    </member>
  </participant>
  <participant>
    <role>
      <coding>
        <system value="http://snomed.info/sct"/>
        <code value="407542009"/>
        <display value="Informal carer"/>
      </coding>
    </role>
    <member>
      <reference value="RelatedPerson/chf-scenario1-relatedperson"/>
    </member>
  </participant>
  <managingOrganization>
    <reference value="Organization/chf-scenario1-organization"/>
  </managingOrganization>
</CareTeam>