<?xml version="1.0" encoding="UTF-8"?>

<ClinicalImpression xmlns="http://hl7.org/fhir">
  <id value="chf-scenario1-clinicalimpression"/>
  <meta>
    <profile value="http://hl7.org/fhir/uv/cpg/StructureDefinition/cpg-clinicalimpression"/>
  </meta>
  <text>
    <status value="extensions"/><div xmlns="http://www.w3.org/1999/xhtml"><p class="res-header-id"><b>Generated Narrative: ClinicalImpression chf-scenario1-clinicalimpression</b></p><a name="chf-scenario1-clinicalimpression"> </a><a name="hcchf-scenario1-clinicalimpression"> </a><a name="chf-scenario1-clinicalimpression-en-US"> </a><p><b>impressionFor</b>: <a href="EpisodeOfCare-chf-scenario1-eoc.html">EpisodeOfCare: extension = http://hl7.org/fhir/uv/cpg/chf/PlanDefinition/chf-pathway; status = active; period = 2019-01-31 05:03:00+0000 --&gt; (ongoing)</a></p><p><b>status</b>: Completed</p><p><b>subject</b>: <a href="Patient-chf-scenario1-patient.html">Patterson, Jeremy Male, DoB: 1949-03-17</a></p><p><b>encounter</b>: <a href="Encounter-chf-scenario1-encounter.html">Encounter: status = in-progress; class = inpatient encounter (ActCode#IMP); type = Inpatient stay 9 days; priority = High priority; period = 2019-01-31 05:03:00+0000 --&gt; (ongoing)</a></p><p><b>assessor</b>: <a href="PractitionerRole-chf-scenario1-practitionerrole.html">PractitionerRole Specialist medical practitioner</a></p><p><b>protocol</b>: <a href="PlanDefinition-chf-pathway.html">PlanDefinition CHFPathway</a></p></div>
  </text>
  <extension url="http://hl7.org/fhir/uv/cpg/StructureDefinition/cpg-impressionFor">
    <valueReference>
      <reference value="EpisodeOfCare/chf-scenario1-eoc"/>
    </valueReference>
  </extension>
  <status value="completed"/>
  <subject>
    <reference value="Patient/chf-scenario1-patient"/>
  </subject>
  <encounter>
    <reference value="Encounter/chf-scenario1-encounter"/>
  </encounter>
  <assessor>
    <reference value="PractitionerRole/chf-scenario1-practitionerrole"/>
  </assessor>
  <protocol value="http://hl7.org/fhir/uv/cpg/chf/PlanDefinition/chf-pathway"/>
</ClinicalImpression>