<?xml version="1.0" encoding="UTF-8"?>

<Condition xmlns="http://hl7.org/fhir">
  <id value="chf-scenario1-condition"/>
  <text>
    <status value="generated"/><div xmlns="http://www.w3.org/1999/xhtml"><p class="res-header-id"><b>Generated Narrative: Condition chf-scenario1-condition</b></p><a name="chf-scenario1-condition"> </a><a name="hcchf-scenario1-condition"> </a><a name="chf-scenario1-condition-en-US"> </a><p><b>clinicalStatus</b>: <span title="Codes:{http://terminology.hl7.org/CodeSystem/condition-clinical active}">Active</span></p><p><b>verificationStatus</b>: <span title="Codes:{http://terminology.hl7.org/CodeSystem/condition-ver-status confirmed}">Confirmed</span></p><p><b>category</b>: <span title="Codes:{http://terminology.hl7.org/CodeSystem/condition-category problem-list-item}">Problem List Item</span></p><p><b>code</b>: <span title="Codes:{http://snomed.info/sct 42343007}">Congestive heart failure (disorder)</span></p><p><b>subject</b>: <a href="Patient-chf-scenario1-patient.html">Patterson, Jeremy Male, DoB: 1949-03-17</a></p><p><b>encounter</b>: <a href="Encounter-chf-scenario1-encounter.html">Encounter: status = in-progress; class = inpatient encounter (ActCode#IMP); type = Inpatient stay 9 days; priority = High priority; period = 2019-01-31 05:03:00+0000 --&gt; (ongoing)</a></p><p><b>onset</b>: 2019-01-31 05:03:00+0000</p></div>
  </text>
  <clinicalStatus>
    <coding>
      <system value="http://terminology.hl7.org/CodeSystem/condition-clinical"/>
      <code value="active"/>
    </coding>
  </clinicalStatus>
  <verificationStatus>
    <coding>
      <system value="http://terminology.hl7.org/CodeSystem/condition-ver-status"/>
      <code value="confirmed"/>
    </coding>
  </verificationStatus>
  <category>
    <coding>
      <system value="http://terminology.hl7.org/CodeSystem/condition-category"/>
      <code value="problem-list-item"/>
    </coding>
  </category>
  <code>
    <coding>
      <system value="http://snomed.info/sct"/>
      <code value="42343007"/>
      <display value="Congestive heart failure (disorder)"/>
    </coding>
  </code>
  <subject>
    <reference value="Patient/chf-scenario1-patient"/>
  </subject>
  <encounter>
    <reference value="Encounter/chf-scenario1-encounter"/>
  </encounter>
  <onsetDateTime value="2019-01-31T05:03:00Z"/>
</Condition>