<?xml version="1.0" encoding="UTF-8"?>

<Encounter xmlns="http://hl7.org/fhir">
  <id value="chf-scenario1-encounter"/>
  <text>
    <status value="generated"/><div xmlns="http://www.w3.org/1999/xhtml"><p class="res-header-id"><b>Generated Narrative: Encounter chf-scenario1-encounter</b></p><a name="chf-scenario1-encounter"> </a><a name="hcchf-scenario1-encounter"> </a><a name="chf-scenario1-encounter-en-US"> </a><p><b>status</b>: In Progress</p><p><b>class</b>: <a href="http://terminology.hl7.org/6.0.2/CodeSystem-v3-ActCode.html#v3-ActCode-IMP">ActCode IMP</a>: inpatient encounter</p><p><b>type</b>: <span title="Codes:{http://snomed.info/sct 183807002}">Inpatient stay 9 days</span></p><p><b>priority</b>: <span title="Codes:{http://snomed.info/sct 394849002}">High priority</span></p><p><b>subject</b>: <a href="Patient-chf-scenario1-patient.html">Patterson, Jeremy Male, DoB: 1949-03-17</a></p><p><b>episodeOfCare</b>: <a href="EpisodeOfCare-chf-scenario1-eoc.html">EpisodeOfCare: extension = http://hl7.org/fhir/uv/cpg/chf/PlanDefinition/chf-pathway; status = active; period = 2019-01-31 05:03:00+0000 --&gt; (ongoing)</a></p><h3>Participants</h3><table class="grid"><tr><td style="display: none">-</td><td><b>Type</b></td><td><b>Individual</b></td></tr><tr><td style="display: none">*</td><td><span title="Codes:{http://terminology.hl7.org/CodeSystem/v3-ParticipationType PPRF}">primary performer</span></td><td><a href="PractitionerRole-chf-scenario1-practitionerrole.html">PractitionerRole Specialist medical practitioner</a></td></tr></table><p><b>period</b>: 2019-01-31 05:03:00+0000 --&gt; (ongoing)</p><h3>Diagnoses</h3><table class="grid"><tr><td style="display: none">-</td><td><b>Condition</b></td><td><b>Use</b></td></tr><tr><td style="display: none">*</td><td><a href="Condition-chf-scenario1-condition.html">Condition Congestive heart failure (disorder)</a></td><td><span title="Codes:{http://terminology.hl7.org/CodeSystem/diagnosis-role AD}">Admission diagnosis</span></td></tr></table><h3>Locations</h3><table class="grid"><tr><td style="display: none">-</td><td><b>Location</b></td><td><b>Status</b></td><td><b>Period</b></td></tr><tr><td style="display: none">*</td><td><a href="Location-chf-scenario1-location.html">Location Unit 3 East</a></td><td>Active</td><td>2019-01-31 05:03:00+0000 --&gt; (ongoing)</td></tr></table></div>
  </text>
  <status value="in-progress"/>
  <class>
    <system value="http://terminology.hl7.org/CodeSystem/v3-ActCode"/>
    <code value="IMP"/>
    <display value="inpatient encounter"/>
  </class>
  <type>
    <coding>
      <system value="http://snomed.info/sct"/>
      <code value="183807002"/>
      <display value="Inpatient stay 9 days"/>
    </coding>
  </type>
  <priority>
    <coding>
      <system value="http://snomed.info/sct"/>
      <code value="394849002"/>
      <display value="High priority"/>
    </coding>
  </priority>
  <subject>
    <reference value="Patient/chf-scenario1-patient"/>
  </subject>
  <episodeOfCare>
    <reference value="EpisodeOfCare/chf-scenario1-eoc"/>
  </episodeOfCare>
  <participant>
    <type>
      <coding>
        <system value="http://terminology.hl7.org/CodeSystem/v3-ParticipationType"/>
        <code value="PPRF"/>
        <display value="primary performer"/>
      </coding>
    </type>
    <individual>
      <reference value="PractitionerRole/chf-scenario1-practitionerrole"/>
    </individual>
  </participant>
  <period>
    <start value="2019-01-31T05:03:00Z"/>
  </period>
  <diagnosis>
    <condition>
      <reference value="Condition/chf-scenario1-condition"/>
    </condition>
    <use>
      <coding>
        <system value="http://terminology.hl7.org/CodeSystem/diagnosis-role"/>
        <code value="AD"/>
        <display value="Admission diagnosis"/>
      </coding>
    </use>
  </diagnosis>
  <location>
    <location>
      <reference value="Location/chf-scenario1-location"/>
    </location>
    <status value="active"/>
    <period>
      <start value="2019-01-31T05:03:00Z"/>
    </period>
  </location>
</Encounter>