<?xml version="1.0" encoding="UTF-8"?>

<Goal xmlns="http://hl7.org/fhir">
  <id value="chf-scenario1-egfr"/>
  <text>
    <status value="extensions"/><div xmlns="http://www.w3.org/1999/xhtml"><p class="res-header-id"><b>Generated Narrative: Goal chf-scenario1-egfr</b></p><a name="chf-scenario1-egfr"> </a><a name="hcchf-scenario1-egfr"> </a><a name="chf-scenario1-egfr-en-US"> </a><p><b>goalFor</b>: <a href="PlanDefinition-chf-egfr-pd.html">CHFEGFRPD</a></p><p><b>lifecycleStatus</b>: Active</p><p><b>achievementStatus</b>: <span title="Codes:{http://terminology.hl7.org/CodeSystem/goal-achievement improving}">Improving</span></p><p><b>description</b>: <span title="Codes:">eGFR &gt; 60 mol/mm/m2</span></p><p><b>subject</b>: <a href="Patient-chf-scenario1-patient.html">Patterson, Jeremy Male, DoB: 1949-03-17</a></p><h3>Targets</h3><table class="grid"><tr><td style="display: none">-</td><td><b>Measure</b></td><td><b>Detail[x]</b></td></tr><tr><td style="display: none">*</td><td><span title="Codes:{http://hl7.org/fhir/uv/cpg/CodeSystem/chf-codes egfr}">eGFR result</span></td><td>&gt;60 mol/mm/m2<span style="background: LightGoldenRodYellow"> (Details: UCUM  codemol/mm/m2 = 'mol/mm/m2')</span></td></tr></table></div>
  </text>
  <extension url="http://hl7.org/fhir/uv/cpg/StructureDefinition/cpg-goalFor">
    <valueCanonical value="http://hl7.org/fhir/uv/cpg/chf/PlanDefinition/chf-egfr-pd"/>
  </extension>
  <lifecycleStatus value="active"/>
  <achievementStatus>
    <coding>
      <system value="http://terminology.hl7.org/CodeSystem/goal-achievement"/>
      <code value="improving"/>
    </coding>
  </achievementStatus>
  <description>
    <text value="eGFR &gt; 60 mol/mm/m2"/>
  </description>
  <subject>
    <reference value="Patient/chf-scenario1-patient"/>
  </subject>
  <target>
    <measure>
      <coding>
        <system value="http://hl7.org/fhir/uv/cpg/CodeSystem/chf-codes"/>
        <code value="egfr"/>
      </coding>
    </measure>
    <detailQuantity>
      <value value="60"/>
      <comparator value="&gt;"/>
      <unit value="mol/mm/m2"/>
      <system value="http://unitsofmeasure.org"/>
      <code value="mol/mm/m2"/>
    </detailQuantity>
  </target>
</Goal>