<?xml version="1.0" encoding="UTF-8"?>

<Goal xmlns="http://hl7.org/fhir">
  <id value="chf-scenario1-weight-change"/>
  <text>
    <status value="extensions"/><div xmlns="http://www.w3.org/1999/xhtml"><p class="res-header-id"><b>Generated Narrative: Goal chf-scenario1-weight-change</b></p><a name="chf-scenario1-weight-change"> </a><a name="hcchf-scenario1-weight-change"> </a><a name="chf-scenario1-weight-change-en-US"> </a><p><b>goalFor</b>: <a href="PlanDefinition-chf-bodyweight-change-pd.html">CHFBodyWeightChange</a></p><p><b>lifecycleStatus</b>: Active</p><p><b>achievementStatus</b>: <span title="Codes:{http://terminology.hl7.org/CodeSystem/goal-achievement improving}">Improving</span></p><p><b>description</b>: <span title="Codes:">Body weight change 0.5-1.5 kg/day</span></p><p><b>subject</b>: <a href="Patient-chf-scenario1-patient.html">Patterson, Jeremy Male, DoB: 1949-03-17</a></p><h3>Targets</h3><table class="grid"><tr><td style="display: none">-</td><td><b>Measure</b></td><td><b>Detail[x]</b></td></tr><tr><td style="display: none">*</td><td><span title="Codes:{http://hl7.org/fhir/uv/cpg/CodeSystem/chf-codes body-weight-change}">Body weight change</span></td><td>0.5-1.5 kg/d</td></tr></table></div>
  </text>
  <extension url="http://hl7.org/fhir/uv/cpg/StructureDefinition/cpg-goalFor">
    <valueCanonical value="http://hl7.org/fhir/uv/cpg/chf/PlanDefinition/chf-bodyweight-change-pd"/>
  </extension>
  <lifecycleStatus value="active"/>
  <achievementStatus>
    <coding>
      <system value="http://terminology.hl7.org/CodeSystem/goal-achievement"/>
      <code value="improving"/>
    </coding>
  </achievementStatus>
  <description>
    <text value="Body weight change 0.5-1.5 kg/day"/>
  </description>
  <subject>
    <reference value="Patient/chf-scenario1-patient"/>
  </subject>
  <target>
    <measure>
      <coding>
        <system value="http://hl7.org/fhir/uv/cpg/CodeSystem/chf-codes"/>
        <code value="body-weight-change"/>
      </coding>
    </measure>
    <detailRange>
      <low>
        <value value="0.5"/>
        <unit value="kg/d"/>
        <system value="http://unitsofmeasure.org"/>
        <code value="kg/d"/>
      </low>
      <high>
        <value value="1.5"/>
        <unit value="kg/d"/>
        <system value="http://unitsofmeasure.org"/>
        <code value="kg/d"/>
      </high>
    </detailRange>
  </target>
</Goal>