<?xml version="1.0" encoding="UTF-8"?>

<GraphDefinition xmlns="http://hl7.org/fhir">
  <id value="chf-caseplansummarydefinition"/>
  <meta>
    <profile value="http://hl7.org/fhir/uv/cpg/StructureDefinition/cpg-shareablegraphdefinition"/>
    <profile value="http://hl7.org/fhir/uv/cpg/StructureDefinition/cpg-computablegraphdefinition"/>
    <profile value="http://hl7.org/fhir/uv/cpg/StructureDefinition/cpg-caseplansummarydefinition"/>
  </meta>
  <text>
    <status value="extensions"/><div xmlns="http://www.w3.org/1999/xhtml"><p class="res-header-id"><b>Generated Narrative: GraphDefinition chf-caseplansummarydefinition</b></p><a name="chf-caseplansummarydefinition"> </a><a name="hcchf-caseplansummarydefinition"> </a><a name="chf-caseplansummarydefinition-en-US"> </a><p><b>knowledgeCapability</b>: shareable</p><p><b>knowledgeCapability</b>: computable</p><p><b>knowledgeCapability</b>: publishable</p><p><b>knowledgeRepresentationLevel</b>: structured</p><p><b>summaryDefinitionFor</b>: <a href="PlanDefinition-chf-pathway.html">CHFPathway</a></p><p><b>copyright</b>: </p><div><p>Copyright (c) 2019+ HL7 International</p>
</div><p><b>copyright</b>: </p><div><p>Copyright (c) 2019+ HL7 International</p>
</div><p><b>topic</b>: <span title="Codes:{http://snomed.info/sct 42343007}">Congestive heart failure</span></p><p><b>author</b>: Matthew Burton, MD: </p><p><b>editor</b>: Bryn Rhodes: </p><p><b>reviewer</b>: Davide Sottara: </p><p><b>endorser</b>: Example Quality Assurance Organization: </p><p><b>relatedArtifact</b>: No display for RelatedArtifact  (type: citation; citation: Representation primitives, process models and patient data in computer-interpretable clinical practice guidelines: A literature review of guideline representation models. Dongwen Wang, Mor Peleg, Samson W Tu, Aziz A Boxwala, Robert A Greenes, Vimla L Patel, Edward H Shortliffe. International Journal of Medical Informatics, Volume 68, Issues 1–3, 2002, Pages 59-70, ISSN 1386-5056, https://doi.org/10.1016/S1386-5056(02)00065-5.)</p><p><b>identifier</b>: <code>http://hl7.org/fhir/uv/cpg/chf/ImplementationGuide/hl7.fhir.uv.cpg.chf</code>/CHFCasePlanSummaryDefinition (use: official, )</p><p><b>title</b>: CHF Case Plan Summary Definition</p><p><b>url</b>: <a href="GraphDefinition-chf-caseplansummarydefinition.html">GraphDefinition CHFCasePlanSummaryDefinition</a></p><p><b>version</b>: 1.0.0</p><p><b>name</b>: CHFCasePlanSummaryDefinition</p><p><b>status</b>: Active</p><p><b>experimental</b>: true</p><p><b>publisher</b>: HL7 International - Clinical Decision Support WG</p><p><b>description</b>: </p><div><p>Definition of the case plan summary document for a congestive heart failure pathway</p>
</div><p><b>start</b>: EpisodeOfCare</p><p><b>profile</b>: <a href="http://hl7.org/fhir/uv/cpg/STU1/StructureDefinition-cpg-case.html">CPGCase</a></p><blockquote><p><b>link</b></p><p><b>path</b>: encounter</p><p><b>description</b>: Pathway Events</p><blockquote><p><b>target</b></p><p><b>type</b>: Encounter</p><p><b>profile</b>: <a href="http://hl7.org/fhir/uv/cpg/STU1/StructureDefinition-cpg-encounter.html">CPGEncounter</a></p><blockquote><p><b>link</b></p><p><b>description</b>: Weight</p><h3>Targets</h3><table class="grid"><tr><td style="display: none">-</td><td><b>Type</b></td><td><b>Profile</b></td></tr><tr><td style="display: none">*</td><td>Observation</td><td><a href="StructureDefinition-chf-bodyweight.html">CHF Body Weight</a></td></tr></table></blockquote><blockquote><p><b>link</b></p><p><b>description</b>: Weight Change</p><h3>Targets</h3><table class="grid"><tr><td style="display: none">-</td><td><b>Type</b></td><td><b>Profile</b></td></tr><tr><td style="display: none">*</td><td>Observation</td><td><a href="StructureDefinition-chf-bodyweight-change.html">CHF Body Weight Change</a></td></tr></table></blockquote><blockquote><p><b>link</b></p><p><b>description</b>: Urine Out</p><h3>Targets</h3><table class="grid"><tr><td style="display: none">-</td><td><b>Type</b></td><td><b>Profile</b></td></tr><tr><td style="display: none">*</td><td>Observation</td><td><a href="StructureDefinition-chf-urine-out.html">CHF Urine Out</a></td></tr></table></blockquote><blockquote><p><b>link</b></p><p><b>description</b>: Net IO's</p><h3>Targets</h3><table class="grid"><tr><td style="display: none">-</td><td><b>Type</b></td><td><b>Profile</b></td></tr><tr><td style="display: none">*</td><td>Observation</td><td><a href="StructureDefinition-chf-net-io.html">CHF Net Intake/Output</a></td></tr></table></blockquote><blockquote><p><b>link</b></p><p><b>description</b>: JVP</p><blockquote><p><b>target</b></p><p><b>type</b>: Observation</p><p><b>profile</b>: <a href="StructureDefinition-chf-jvp.html">CHF Jugular Venous Pressure</a></p></blockquote><blockquote><p><b>target</b></p><p><b>type</b>: ServiceRequest</p><p><b>profile</b>: <a href="StructureDefinition-chf-jvp-request.html">CHF Jugular Venous Pressure Request</a></p></blockquote></blockquote><blockquote><p><b>link</b></p><p><b>description</b>: O2 Sat</p><blockquote><p><b>target</b></p><p><b>type</b>: Observation</p><p><b>profile</b>: <a href="StructureDefinition-chf-o2-sat.html">CHF Oxygen Saturation</a></p></blockquote><blockquote><p><b>target</b></p><p><b>type</b>: ServiceRequest</p><p><b>profile</b>: <a href="StructureDefinition-chf-o2-sat-request.html">CHF Oxygen Saturation Request</a></p></blockquote></blockquote><blockquote><p><b>link</b></p><p><b>description</b>: Potassium</p><h3>Targets</h3><table class="grid"><tr><td style="display: none">-</td><td><b>Type</b></td><td><b>Profile</b></td></tr><tr><td style="display: none">*</td><td>Observation</td><td><a href="StructureDefinition-chf-potassium.html">CHF Potassium</a></td></tr></table></blockquote><blockquote><p><b>link</b></p><p><b>description</b>: Creatinine</p><h3>Targets</h3><table class="grid"><tr><td style="display: none">-</td><td><b>Type</b></td><td><b>Profile</b></td></tr><tr><td style="display: none">*</td><td>Observation</td><td><a href="StructureDefinition-chf-creatinine.html">CHF Creatinine</a></td></tr></table></blockquote><blockquote><p><b>link</b></p><p><b>description</b>: eGFR</p><h3>Targets</h3><table class="grid"><tr><td style="display: none">-</td><td><b>Type</b></td><td><b>Profile</b></td></tr><tr><td style="display: none">*</td><td>Observation</td><td><a href="StructureDefinition-chf-egfr.html">CHF eGFR</a></td></tr></table></blockquote><blockquote><p><b>link</b></p><p><b>description</b>: LASIX IV</p><blockquote><p><b>target</b></p><p><b>type</b>: MedicationAdministration</p><p><b>profile</b>: <a href="StructureDefinition-chf-lasix-iv-administration.html">CHF LASIX IV Administration</a></p></blockquote><blockquote><p><b>target</b></p><p><b>type</b>: MedicationRequest</p><p><b>profile</b>: <a href="StructureDefinition-chf-lasix-iv-request.html">CHF LASIX IV Request</a></p></blockquote></blockquote><blockquote><p><b>link</b></p><p><b>description</b>: LASIX PO</p><blockquote><p><b>target</b></p><p><b>type</b>: MedicationAdministration</p><p><b>profile</b>: <a href="StructureDefinition-chf-lasix-po-administration.html">CHF LASIX PO Administration</a></p></blockquote><blockquote><p><b>target</b></p><p><b>type</b>: MedicationRequest</p><p><b>profile</b>: <a href="StructureDefinition-chf-lasix-po-request.html">CHF LASIX PO Request</a></p></blockquote></blockquote><blockquote><p><b>link</b></p><p><b>description</b>: Cardiology Consultation</p><blockquote><p><b>target</b></p><p><b>type</b>: Procedure</p><p><b>profile</b>: <a href="StructureDefinition-chf-cardiology-consult.html">CHF Cardiology Consult</a></p></blockquote><blockquote><p><b>target</b></p><p><b>type</b>: ServiceRequest</p><p><b>profile</b>: <a href="StructureDefinition-chf-cardiology-consult-request.html">CHF Cardiology Consult Request</a></p></blockquote></blockquote></blockquote></blockquote></div>
  </text>
  <extension url="http://hl7.org/fhir/uv/cpg/StructureDefinition/cpg-knowledgeCapability">
    <valueCode value="shareable"/>
  </extension>
  <extension url="http://hl7.org/fhir/uv/cpg/StructureDefinition/cpg-knowledgeCapability">
    <valueCode value="computable"/>
  </extension>
  <extension url="http://hl7.org/fhir/uv/cpg/StructureDefinition/cpg-knowledgeCapability">
    <valueCode value="publishable"/>
  </extension>
  <extension url="http://hl7.org/fhir/uv/cpg/StructureDefinition/cpg-knowledgeRepresentationLevel">
    <valueCode value="structured"/>
  </extension>
  <extension url="http://hl7.org/fhir/uv/cpg/StructureDefinition/cpg-summaryDefinitionFor">
    <valueCanonical value="http://hl7.org/fhir/uv/cpg/chf/PlanDefinition/chf-pathway"/>
  </extension>
  <extension url="http://hl7.org/fhir/uv/cpg/StructureDefinition/cpg-copyright">
    <valueMarkdown value="Copyright (c) 2019+ HL7 International"/>
  </extension>
  <extension url="http://hl7.org/fhir/uv/cpg/StructureDefinition/cpg-topic">
    <valueCodeableConcept>
      <coding>
        <system value="http://snomed.info/sct"/>
        <code value="42343007"/>
        <display value="Congestive heart failure (disorder)"/>
      </coding>
      <text value="Congestive heart failure"/>
    </valueCodeableConcept>
  </extension>
  <extension url="http://hl7.org/fhir/uv/cpg/StructureDefinition/cpg-author">
    <valueContactDetail>
      <name value="Matthew Burton, MD"/>
    </valueContactDetail>
  </extension>
  <extension url="http://hl7.org/fhir/uv/cpg/StructureDefinition/cpg-editor">
    <valueContactDetail>
      <name value="Bryn Rhodes"/>
    </valueContactDetail>
  </extension>
  <extension url="http://hl7.org/fhir/uv/cpg/StructureDefinition/cpg-reviewer">
    <valueContactDetail>
      <name value="Davide Sottara"/>
    </valueContactDetail>
  </extension>
  <extension url="http://hl7.org/fhir/uv/cpg/StructureDefinition/cpg-endorser">
    <valueContactDetail>
      <name value="Example Quality Assurance Organization"/>
    </valueContactDetail>
  </extension>
  <extension url="http://hl7.org/fhir/uv/cpg/StructureDefinition/cpg-copyright">
    <valueMarkdown value="Copyright (c) 2019+ HL7 International"/>
  </extension>
  <extension url="http://hl7.org/fhir/uv/cpg/StructureDefinition/cpg-relatedArtifact">
    <valueRelatedArtifact>
      <type value="citation"/>
      <citation value="Representation primitives, process models and patient data in computer-interpretable clinical practice guidelines: A literature review of guideline representation models. Dongwen Wang, Mor Peleg, Samson W Tu, Aziz A Boxwala, Robert A Greenes, Vimla L Patel, Edward H Shortliffe. International Journal of Medical Informatics, Volume 68, Issues 1–3, 2002, Pages 59-70, ISSN 1386-5056, https://doi.org/10.1016/S1386-5056(02)00065-5."/>
    </valueRelatedArtifact>
  </extension>
  <extension url="http://hl7.org/fhir/uv/cpg/StructureDefinition/cpg-identifier">
    <valueIdentifier>
      <use value="official"/>
      <system value="http://hl7.org/fhir/uv/cpg/chf/ImplementationGuide/hl7.fhir.uv.cpg.chf"/>
      <value value="CHFCasePlanSummaryDefinition"/>
    </valueIdentifier>
  </extension>
  <extension url="http://hl7.org/fhir/uv/cpg/StructureDefinition/cpg-title">
    <valueString value="CHF Case Plan Summary Definition"/>
  </extension>
  <url value="http://hl7.org/fhir/uv/cpg/chf/GraphDefinition/chf-caseplansummarydefinition"/>
  <version value="1.0.0"/>
  <name value="CHFCasePlanSummaryDefinition"/>
  <status value="active"/>
  <experimental value="true"/>
  <publisher value="HL7 International - Clinical Decision Support WG"/>
  <description value="Definition of the case plan summary document for a congestive heart failure pathway"/>
  <start value="EpisodeOfCare"/>
  <profile value="http://hl7.org/fhir/uv/cpg/StructureDefinition/cpg-case"/>
  <link>
    <path value="encounter"/>
    <description value="Pathway Events"/>
    <target>
      <type value="Encounter"/>
      <profile value="http://hl7.org/fhir/uv/cpg/StructureDefinition/cpg-encounter"/>
      <link>
        <description value="Weight"/>
        <target>
          <type value="Observation"/>
          <profile value="http://hl7.org/fhir/uv/cpg/chf/StructureDefinition/chf-bodyweight"/>
        </target>
      </link>
      <link>
        <description value="Weight Change"/>
        <target>
          <type value="Observation"/>
          <profile value="http://hl7.org/fhir/uv/cpg/chf/StructureDefinition/chf-bodyweight-change"/>
        </target>
      </link>
      <link>
        <description value="Urine Out"/>
        <target>
          <type value="Observation"/>
          <profile value="http://hl7.org/fhir/uv/cpg/chf/StructureDefinition/chf-urine-out"/>
        </target>
      </link>
      <link>
        <description value="Net IO's"/>
        <target>
          <type value="Observation"/>
          <profile value="http://hl7.org/fhir/uv/cpg/chf/StructureDefinition/chf-net-io"/>
        </target>
      </link>
      <link>
        <description value="JVP"/>
        <target>
          <type value="Observation"/>
          <profile value="http://hl7.org/fhir/uv/cpg/chf/StructureDefinition/chf-jvp"/>
        </target>
        <target>
          <type value="ServiceRequest"/>
          <profile value="http://hl7.org/fhir/uv/cpg/chf/StructureDefinition/chf-jvp-request"/>
        </target>
      </link>
      <link>
        <description value="O2 Sat"/>
        <target>
          <type value="Observation"/>
          <profile value="http://hl7.org/fhir/uv/cpg/chf/StructureDefinition/chf-o2-sat"/>
        </target>
        <target>
          <type value="ServiceRequest"/>
          <profile value="http://hl7.org/fhir/uv/cpg/chf/StructureDefinition/chf-o2-sat-request"/>
        </target>
      </link>
      <link>
        <description value="Potassium"/>
        <target>
          <type value="Observation"/>
          <profile value="http://hl7.org/fhir/uv/cpg/chf/StructureDefinition/chf-potassium"/>
        </target>
      </link>
      <link>
        <description value="Creatinine"/>
        <target>
          <type value="Observation"/>
          <profile value="http://hl7.org/fhir/uv/cpg/chf/StructureDefinition/chf-creatinine"/>
        </target>
      </link>
      <link>
        <description value="eGFR"/>
        <target>
          <type value="Observation"/>
          <profile value="http://hl7.org/fhir/uv/cpg/chf/StructureDefinition/chf-egfr"/>
        </target>
      </link>
      <link>
        <description value="LASIX IV"/>
        <target>
          <type value="MedicationAdministration"/>
          <profile value="http://hl7.org/fhir/uv/cpg/chf/StructureDefinition/chf-lasix-iv-administration"/>
        </target>
        <target>
          <type value="MedicationRequest"/>
          <profile value="http://hl7.org/fhir/uv/cpg/chf/StructureDefinition/chf-lasix-iv-request"/>
        </target>
      </link>
      <link>
        <description value="LASIX PO"/>
        <target>
          <type value="MedicationAdministration"/>
          <profile value="http://hl7.org/fhir/uv/cpg/chf/StructureDefinition/chf-lasix-po-administration"/>
        </target>
        <target>
          <type value="MedicationRequest"/>
          <profile value="http://hl7.org/fhir/uv/cpg/chf/StructureDefinition/chf-lasix-po-request"/>
        </target>
      </link>
      <link>
        <description value="Cardiology Consultation"/>
        <target>
          <type value="Procedure"/>
          <profile value="http://hl7.org/fhir/uv/cpg/chf/StructureDefinition/chf-cardiology-consult"/>
        </target>
        <target>
          <type value="ServiceRequest"/>
          <profile value="http://hl7.org/fhir/uv/cpg/chf/StructureDefinition/chf-cardiology-consult-request"/>
        </target>
      </link>
    </target>
  </link>
</GraphDefinition>