<?xml version="1.0" encoding="UTF-8"?>

<Measure xmlns="http://hl7.org/fhir">
  <id value="chf-bodyweight-measure"/>
  <meta>
    <profile value="http://hl7.org/fhir/uv/cpg/StructureDefinition/cpg-computablemetric"/>
  </meta>
  <text>
    <status value="extensions"/><div xmlns="http://www.w3.org/1999/xhtml"><p class="res-header-id"><b>Generated Narrative: Measure chf-bodyweight-measure</b></p><a name="chf-bodyweight-measure"> </a><a name="hcchf-bodyweight-measure"> </a><a name="chf-bodyweight-measure-en-US"> </a><p><b>knowledgeCapability</b>: shareable</p><p><b>knowledgeCapability</b>: computable</p><p><b>knowledgeCapability</b>: publishable</p><p><b>knowledgeRepresentationLevel</b>: structured</p><p><b>url</b>: <a href="Measure-chf-bodyweight-measure.html">Measure CHF Body Weight Metric</a></p><p><b>version</b>: 1.0.0</p><p><b>name</b>: CHFBodyWeight</p><p><b>title</b>: CHF Body Weight Metric</p><p><b>status</b>: Active</p><p><b>experimental</b>: true</p><p><b>date</b>: 2024-11-18 18:43:23+0000</p><p><b>publisher</b>: HL7 International - Clinical Decision Support WG</p><p><b>contact</b>: HL7 International - Clinical Decision Support WG: <a href="http://www.hl7.org/Special/committees/dss/index.cfm">http://www.hl7.org/Special/committees/dss/index.cfm</a></p><p><b>description</b>: </p><div><p>Body weight metric as a feature of a congestive heart failure pathway</p>
</div><p><b>jurisdiction</b>: <span title="Codes:{http://unstats.un.org/unsd/methods/m49/m49.htm 001}">World</span></p><p><b>library</b>: <a href="Library-CHF.html">CHF</a></p><p><b>scoring</b>: <span title="Codes:{http://terminology.hl7.org/CodeSystem/measure-scoring continuous-variable}">Continuous Variable</span></p><p><b>improvementNotation</b>: <span title="Codes:{http://terminology.hl7.org/CodeSystem/measure-improvement-notation decrease}">Decreased score indicates improvement</span></p><blockquote><p><b>group</b></p><blockquote><p><b>population</b></p><p><b>code</b>: <span title="Codes:{http://terminology.hl7.org/CodeSystem/measure-population measure-observation}">Measure Observation</span></p><h3>Criteria</h3><table class="grid"><tr><td style="display: none">-</td><td><b>Language</b></td><td><b>Expression</b></td></tr><tr><td style="display: none">*</td><td>text/cql-identifier</td><td>Current Body Weight</td></tr></table></blockquote></blockquote></div>
  </text>
  <extension url="http://hl7.org/fhir/uv/cpg/StructureDefinition/cpg-knowledgeCapability">
    <valueCode value="shareable"/>
  </extension>
  <extension url="http://hl7.org/fhir/uv/cpg/StructureDefinition/cpg-knowledgeCapability">
    <valueCode value="computable"/>
  </extension>
  <extension url="http://hl7.org/fhir/uv/cpg/StructureDefinition/cpg-knowledgeCapability">
    <valueCode value="publishable"/>
  </extension>
  <extension url="http://hl7.org/fhir/uv/cpg/StructureDefinition/cpg-knowledgeRepresentationLevel">
    <valueCode value="structured"/>
  </extension>
  <url value="http://cqframework.cpg-example-chf/Measure/chf-bodyweight-measure"/>
  <version value="1.0.0"/>
  <name value="CHFBodyWeight"/>
  <title value="CHF Body Weight Metric"/>
  <status value="active"/>
  <experimental value="true"/>
  <date value="2024-11-18T18:43:23+00:00"/>
  <publisher value="HL7 International - Clinical Decision Support WG"/>
  <contact>
    <name value="HL7 International - Clinical Decision Support WG"/>
    <telecom>
      <system value="url"/>
      <value value="http://www.hl7.org/Special/committees/dss/index.cfm"/>
    </telecom>
  </contact>
  <description value="Body weight metric as a feature of a congestive heart failure pathway"/>
  <jurisdiction>
    <coding>
      <system value="http://unstats.un.org/unsd/methods/m49/m49.htm"/>
      <code value="001"/>
      <display value="World"/>
    </coding>
  </jurisdiction>
  <library value="http://cqframework.cpg-example-chf/Library/CHF"/>
  <scoring>
    <coding>
      <system value="http://terminology.hl7.org/CodeSystem/measure-scoring"/>
      <code value="continuous-variable"/>
    </coding>
  </scoring>
  <improvementNotation>
    <coding>
      <system value="http://terminology.hl7.org/CodeSystem/measure-improvement-notation"/>
      <code value="decrease"/>
    </coding>
  </improvementNotation>
  <group>
    <population>
      <code>
        <coding>
          <system value="http://terminology.hl7.org/CodeSystem/measure-population"/>
          <code value="measure-observation"/>
        </coding>
      </code>
      <criteria>
        <language value="text/cql-identifier"/>
        <expression value="Current Body Weight"/>
      </criteria>
    </population>
  </group>
</Measure>