<?xml version="1.0" encoding="UTF-8"?>

<MeasureReport xmlns="http://hl7.org/fhir">
  <id value="chf-scenario1-bodyweight-change3"/>
  <text>
    <status value="generated"/><div xmlns="http://www.w3.org/1999/xhtml"><p class="res-header-id"><b>Generated Narrative: MeasureReport chf-scenario1-bodyweight-change3</b></p><a name="chf-scenario1-bodyweight-change3"> </a><a name="hcchf-scenario1-bodyweight-change3"> </a><a name="chf-scenario1-bodyweight-change3-en-US"> </a><p><b>status</b>: Complete</p><p><b>type</b>: Individual</p><p><b>measure</b>: <a href="Measure-chf-bodyweight-change-measure.html">CHF Body Weight Change Metric</a></p><p><b>subject</b>: <a href="Patient-chf-scenario1-patient.html">Patterson, Jeremy Male, DoB: 1949-03-17</a></p><p><b>date</b>: 2019-02-03</p><p><b>period</b>: 2019-02-02 --&gt; 2019-02-03</p><p><b>improvementNotation</b>: <span title="Codes:{http://terminology.hl7.org/CodeSystem/measure-improvement-notation decrease}">Decreased score indicates improvement</span></p><blockquote><p><b>group</b></p><h3>Populations</h3><table class="grid"><tr><td style="display: none">-</td><td><b>Code</b></td><td><b>Count</b></td></tr><tr><td style="display: none">*</td><td><span title="Codes:{http://terminology.hl7.org/CodeSystem/measure-population measure-observation}">Measure Observation</span></td><td>1</td></tr></table><p><b>measureScore</b>: -1.2 kg/d<span style="background: LightGoldenRodYellow"> (Details: UCUM  codekg/d = 'kg/d')</span></p></blockquote><p><b>evaluatedResource</b>: </p><ul><li><a href="Observation-chf-scenario1-bodyweight3-observation.html">Observation Body weight</a></li><li><a href="Observation-chf-scenario1-bodyweight4-observation.html">Observation Body weight</a></li><li><a href="Observation-chf-scenario1-bodyweight-change3-observation.html">Observation Body weight change</a></li></ul></div>
  </text>
  <status value="complete"/>
  <type value="individual"/>
  <measure value="http://hl7.org/fhir/uv/cpg/chf/Measure/chf-bodyweight-change-measure"/>
  <subject>
    <reference value="Patient/chf-scenario1-patient"/>
  </subject>
  <date value="2019-02-03"/>
  <period>
    <start value="2019-02-02"/>
    <end value="2019-02-03"/>
  </period>
  <improvementNotation>
    <coding>
      <system value="http://terminology.hl7.org/CodeSystem/measure-improvement-notation"/>
      <code value="decrease"/>
    </coding>
  </improvementNotation>
  <group>
    <population>
      <code>
        <coding>
          <system value="http://terminology.hl7.org/CodeSystem/measure-population"/>
          <code value="measure-observation"/>
        </coding>
      </code>
      <count value="1"/>
    </population>
    <measureScore>
      <value value="-1.2"/>
      <unit value="kg/d"/>
      <system value="http://unitsofmeasure.org"/>
      <code value="kg/d"/>
    </measureScore>
  </group>
  <evaluatedResource>
    <reference value="Observation/chf-scenario1-bodyweight3-observation"/>
  </evaluatedResource>
  <evaluatedResource>
    <reference value="Observation/chf-scenario1-bodyweight4-observation"/>
  </evaluatedResource>
  <evaluatedResource>
    <reference value="Observation/chf-scenario1-bodyweight-change3-observation"/>
  </evaluatedResource>
</MeasureReport>