<?xml version="1.0" encoding="UTF-8"?>

<MedicationAdministration xmlns="http://hl7.org/fhir">
  <id value="chf-scenario1-lasix-iv"/>
  <text>
    <status value="generated"/><div xmlns="http://www.w3.org/1999/xhtml"><p class="res-header-id"><b>Generated Narrative: MedicationAdministration chf-scenario1-lasix-iv</b></p><a name="chf-scenario1-lasix-iv"> </a><a name="hcchf-scenario1-lasix-iv"> </a><a name="chf-scenario1-lasix-iv-en-US"> </a><p><b>status</b>: Completed</p><p><b>medication</b>: <span title="Codes:{http://hl7.org/fhir/uv/cpg/CodeSystem/chf-codes lasix-iv}">LASIX IV</span></p><p><b>subject</b>: <a href="Patient-chf-scenario1-patient.html">Patterson, Jeremy Male, DoB: 1949-03-17</a></p><p><b>effective</b>: 2019-02-03 07:08:00+0000</p><h3>Dosages</h3><table class="grid"><tr><td style="display: none">-</td><td><b>Text</b></td><td><b>Route</b></td><td><b>Dose</b></td></tr><tr><td style="display: none">*</td><td>40mg</td><td><span title="Codes:{http://snomed.info/sct 47625008}">Intravenous Route (qualifier value)</span></td><td>40 mg<span style="background: LightGoldenRodYellow"> (Details: UCUM  codemg = 'mg')</span></td></tr></table></div>
  </text>
  <status value="completed"/>
  <medicationCodeableConcept>
    <coding>
      <system value="http://hl7.org/fhir/uv/cpg/CodeSystem/chf-codes"/>
      <code value="lasix-iv"/>
      <display value="LASIX IV"/>
    </coding>
  </medicationCodeableConcept>
  <subject>
    <reference value="Patient/chf-scenario1-patient"/>
  </subject>
  <effectiveDateTime value="2019-02-03T07:08:00Z"/>
  <dosage>
    <text value="40mg"/>
    <route>
      <coding>
        <system value="http://snomed.info/sct"/>
        <code value="47625008"/>
        <display value="Intravenous Route (qualifier value)"/>
      </coding>
    </route>
    <dose>
      <value value="40"/>
      <unit value="mg"/>
      <system value="http://unitsofmeasure.org"/>
      <code value="mg"/>
    </dose>
  </dosage>
</MedicationAdministration>