<?xml version="1.0" encoding="UTF-8"?>

<MedicationRequest xmlns="http://hl7.org/fhir">
  <id value="chf-scenario1-stop-lasix-iv"/>
  <text>
    <status value="generated"/><div xmlns="http://www.w3.org/1999/xhtml"><p class="res-header-id"><b>Generated Narrative: MedicationRequest chf-scenario1-stop-lasix-iv</b></p><a name="chf-scenario1-stop-lasix-iv"> </a><a name="hcchf-scenario1-stop-lasix-iv"> </a><a name="chf-scenario1-stop-lasix-iv-en-US"> </a><p><b>status</b>: Draft</p><p><b>intent</b>: Proposal</p><p><b>priority</b>: Routine</p><p><b>doNotPerform</b>: true</p><p><b>medication</b>: <span title="Codes:{http://hl7.org/fhir/uv/cpg/CodeSystem/chf-codes lasix-iv}">LASIX IV</span></p><p><b>subject</b>: <a href="Patient-chf-scenario1-patient.html">Patterson, Jeremy Male, DoB: 1949-03-17</a></p><blockquote><p><b>dosageInstruction</b></p><p><b>sequence</b>: 1</p><p><b>text</b>: 40mg</p><p><b>route</b>: <span title="Codes:{http://snomed.info/sct 47625008}">Intravenous Route (qualifier value)</span></p><h3>DoseAndRates</h3><table class="grid"><tr><td style="display: none">-</td><td><b>Type</b></td><td><b>Dose[x]</b></td></tr><tr><td style="display: none">*</td><td><span title="Codes:{http://terminology.hl7.org/CodeSystem/dose-rate-type ordered}">Ordered</span></td><td>40 mg<span style="background: LightGoldenRodYellow"> (Details: UCUM  codemg = 'mg')</span></td></tr></table></blockquote></div>
  </text>
  <status value="draft"/>
  <intent value="proposal"/>
  <priority value="routine"/>
  <doNotPerform value="true"/>
  <medicationCodeableConcept>
    <coding>
      <system value="http://hl7.org/fhir/uv/cpg/CodeSystem/chf-codes"/>
      <code value="lasix-iv"/>
      <display value="LASIX IV"/>
    </coding>
  </medicationCodeableConcept>
  <subject>
    <reference value="Patient/chf-scenario1-patient"/>
  </subject>
  <dosageInstruction>
    <sequence value="1"/>
    <text value="40mg"/>
    <route>
      <coding>
        <system value="http://snomed.info/sct"/>
        <code value="47625008"/>
        <display value="Intravenous Route (qualifier value)"/>
      </coding>
    </route>
    <doseAndRate>
      <type>
        <coding>
          <system value="http://terminology.hl7.org/CodeSystem/dose-rate-type"/>
          <code value="ordered"/>
          <display value="Ordered"/>
        </coding>
      </type>
      <doseQuantity>
        <value value="40"/>
        <unit value="mg"/>
        <system value="http://unitsofmeasure.org"/>
        <code value="mg"/>
      </doseQuantity>
    </doseAndRate>
  </dosageInstruction>
</MedicationRequest>