<?xml version="1.0" encoding="UTF-8"?>

<Observation xmlns="http://hl7.org/fhir">
  <id value="chf-scenario1-creatinine1"/>
  <meta>
    <profile value="http://hl7.org/fhir/uv/cpg/chf/StructureDefinition/chf-creatinine"/>
  </meta>
  <text>
    <status value="extensions"/><div xmlns="http://www.w3.org/1999/xhtml"><p class="res-header-id"><b>Generated Narrative: Observation chf-scenario1-creatinine1</b></p><a name="chf-scenario1-creatinine1"> </a><a name="hcchf-scenario1-creatinine1"> </a><a name="chf-scenario1-creatinine1-en-US"> </a><p><b>instantiatesCaseFeature</b>: <a href="StructureDefinition-chf-creatinine.html">CHF Creatinine</a></p><p><b>caseFeatureType</b>: asserted</p><p><b>status</b>: Final</p><p><b>code</b>: <span title="Codes:{http://loinc.org 39802-4}">Creatinine in dialysis fluid/Creatinine in serum or plasma</span></p><p><b>subject</b>: <a href="Patient-chf-scenario1-patient.html">Patterson, Jeremy Male, DoB: 1949-03-17</a></p><p><b>encounter</b>: <a href="Encounter-chf-scenario1-encounter.html">Encounter: status = in-progress; class = inpatient encounter (ActCode#IMP); type = Inpatient stay 9 days; priority = High priority; period = 2019-01-31 05:03:00+0000 --&gt; (ongoing)</a></p><p><b>effective</b>: 2019-02-03 09:40:00+0000</p><p><b>issued</b>: 2019-02-03 09:40:00+0000</p><p><b>performer</b>: <a href="PractitionerRole-chf-scenario1-practitionerrole.html">PractitionerRole Specialist medical practitioner</a></p><p><b>value</b>: 0.9 mg/dL<span style="background: LightGoldenRodYellow"> (Details: UCUM  codemg/dL = 'mg/dL')</span></p></div>
  </text>
  <extension url="http://hl7.org/fhir/uv/cpg/StructureDefinition/cpg-instantiatesCaseFeature">
    <valueCanonical value="http://hl7.org/fhir/uv/cpg/chf/StructureDefinition/chf-creatinine"/>
  </extension>
  <extension url="http://hl7.org/fhir/uv/cpg/StructureDefinition/cpg-caseFeatureType">
    <valueCode value="asserted"/>
  </extension>
  <status value="final"/>
  <code>
    <coding>
      <system value="http://loinc.org"/>
      <code value="39802-4"/>
    </coding>
  </code>
  <subject>
    <reference value="Patient/chf-scenario1-patient"/>
  </subject>
  <encounter>
    <reference value="Encounter/chf-scenario1-encounter"/>
  </encounter>
  <effectiveDateTime value="2019-02-03T09:40:00Z"/>
  <issued value="2019-02-03T09:40:00Z"/>
  <performer>
    <reference value="PractitionerRole/chf-scenario1-practitionerrole"/>
  </performer>
  <valueQuantity>
    <value value="0.9"/>
    <unit value="mg/dL"/>
    <system value="http://unitsofmeasure.org"/>
    <code value="mg/dL"/>
  </valueQuantity>
</Observation>