<?xml version="1.0" encoding="UTF-8"?>

<PlanDefinition xmlns="http://hl7.org/fhir">
  <id value="chf-daily-management"/>
  <meta>
    <profile value="http://hl7.org/fhir/uv/cpg/StructureDefinition/cpg-strategydefinition"/>
  </meta>
  <text>
    <status value="extensions"/><div xmlns="http://www.w3.org/1999/xhtml"><p class="res-header-id"><b>Generated Narrative: PlanDefinition chf-daily-management</b></p><a name="chf-daily-management"> </a><a name="hcchf-daily-management"> </a><a name="chf-daily-management-en-US"> </a><p><b>knowledgeCapability</b>: shareable</p><p><b>knowledgeCapability</b>: computable</p><p><b>knowledgeCapability</b>: publishable</p><p><b>knowledgeRepresentationLevel</b>: structured</p><p><b>partOf</b>: <a href="PlanDefinition-chf-pathway.html">CHFPathway</a></p><p><b>enabled</b>: true</p><p><b>url</b>: <a href="PlanDefinition-chf-daily-management.html">PlanDefinition CHFDailyManagement</a></p><p><b>version</b>: 1.0.0</p><p><b>name</b>: CHFDailyManagement</p><p><b>type</b>: <span title="Codes:{http://terminology.hl7.org/CodeSystem/plan-definition-type workflow-definition}">Workflow Definition</span></p><p><b>status</b>: Active</p><p><b>experimental</b>: true</p><p><b>date</b>: 2024-11-18 18:36:46+0000</p><p><b>publisher</b>: HL7 International - Clinical Decision Support WG</p><p><b>contact</b>: HL7 International - Clinical Decision Support WG: <a href="http://www.hl7.org/Special/committees/dss/index.cfm">http://www.hl7.org/Special/committees/dss/index.cfm</a></p><p><b>description</b>: </p><div><p>Daily management strategy as part of a care pathway for patients with admitting diagnosis of congestive heart failure</p>
</div><p><b>jurisdiction</b>: <span title="Codes:{http://unstats.un.org/unsd/methods/m49/m49.htm 001}">World</span></p><blockquote><p><b>action</b></p><p><b>title</b>: Weight</p><p><b>description</b>: Measure weight daily</p><p><b>code</b>: <span title="Codes:{http://hl7.org/fhir/uv/cpg/CodeSystem/cpg-common-process-cs diagnostic-testing}">diagnostic-testing</span></p><p><b>definition</b>: <a href="PlanDefinition-chf-bodyweight-pd.html">CHFBodyWeight</a></p></blockquote><blockquote><p><b>action</b></p><p><b>title</b>: Weight Change</p><p><b>description</b>: Manage weight change</p><p><b>code</b>: <span title="Codes:{http://hl7.org/fhir/uv/cpg/CodeSystem/cpg-common-process-cs diagnostic-testing}">diagnostic-testing</span></p><p><b>definition</b>: <a href="PlanDefinition-chf-bodyweight-change-pd.html">CHFBodyWeightChange</a></p></blockquote><blockquote><p><b>action</b></p><p><b>title</b>: Urine Output</p><p><b>description</b>: Measure urine output daily</p><p><b>code</b>: <span title="Codes:{http://hl7.org/fhir/uv/cpg/CodeSystem/cpg-common-process-cs diagnostic-testing}">diagnostic-testing</span></p><p><b>definition</b>: <a href="PlanDefinition-chf-urine-out-pd.html">CHFUrineOut</a></p></blockquote><blockquote><p><b>action</b></p><p><b>title</b>: Net I/Os</p><p><b>description</b>: Measure net intake/output daily</p><p><b>code</b>: <span title="Codes:{http://hl7.org/fhir/uv/cpg/CodeSystem/cpg-common-process-cs diagnostic-testing}">diagnostic-testing</span></p><p><b>definition</b>: <a href="PlanDefinition-chf-net-io-pd.html">CHFNetIO</a></p></blockquote></div>
  </text>
  <extension url="http://hl7.org/fhir/uv/cpg/StructureDefinition/cpg-knowledgeCapability">
    <valueCode value="shareable"/>
  </extension>
  <extension url="http://hl7.org/fhir/uv/cpg/StructureDefinition/cpg-knowledgeCapability">
    <valueCode value="computable"/>
  </extension>
  <extension url="http://hl7.org/fhir/uv/cpg/StructureDefinition/cpg-knowledgeCapability">
    <valueCode value="publishable"/>
  </extension>
  <extension url="http://hl7.org/fhir/uv/cpg/StructureDefinition/cpg-knowledgeRepresentationLevel">
    <valueCode value="structured"/>
  </extension>
  <extension url="http://hl7.org/fhir/uv/cpg/StructureDefinition/cpg-partOf">
    <valueCanonical value="http://hl7.org/fhir/uv/cpg/chf/PlanDefinition/chf-pathway"/>
  </extension>
  <extension url="http://hl7.org/fhir/uv/cpg/StructureDefinition/cpg-enabled">
    <valueBoolean value="true"/>
  </extension>
  <url value="http://hl7.org/fhir/uv/cpg/chf/PlanDefinition/chf-daily-management"/>
  <version value="1.0.0"/>
  <name value="CHFDailyManagement"/>
  <type>
    <coding>
      <system value="http://terminology.hl7.org/CodeSystem/plan-definition-type"/>
      <code value="workflow-definition"/>
    </coding>
  </type>
  <status value="active"/>
  <experimental value="true"/>
  <date value="2024-11-18T18:36:46+00:00"/>
  <publisher value="HL7 International - Clinical Decision Support WG"/>
  <contact>
    <name value="HL7 International - Clinical Decision Support WG"/>
    <telecom>
      <system value="url"/>
      <value value="http://www.hl7.org/Special/committees/dss/index.cfm"/>
    </telecom>
  </contact>
  <description value="Daily management strategy as part of a care pathway for patients with admitting diagnosis of congestive heart failure"/>
  <jurisdiction>
    <coding>
      <system value="http://unstats.un.org/unsd/methods/m49/m49.htm"/>
      <code value="001"/>
      <display value="World"/>
    </coding>
  </jurisdiction>
  <action>
    <title value="Weight"/>
    <description value="Measure weight daily"/>
    <code>
      <coding>
        <system value="http://hl7.org/fhir/uv/cpg/CodeSystem/cpg-common-process-cs"/>
        <code value="diagnostic-testing"/>
      </coding>
    </code>
    <definitionCanonical value="http://hl7.org/fhir/uv/cpg/chf/PlanDefinition/chf-bodyweight-pd"/>
  </action>
  <action>
    <title value="Weight Change"/>
    <description value="Manage weight change"/>
    <code>
      <coding>
        <system value="http://hl7.org/fhir/uv/cpg/CodeSystem/cpg-common-process-cs"/>
        <code value="diagnostic-testing"/>
      </coding>
    </code>
    <definitionCanonical value="http://hl7.org/fhir/uv/cpg/chf/PlanDefinition/chf-bodyweight-change-pd"/>
  </action>
  <action>
    <title value="Urine Output"/>
    <description value="Measure urine output daily"/>
    <code>
      <coding>
        <system value="http://hl7.org/fhir/uv/cpg/CodeSystem/cpg-common-process-cs"/>
        <code value="diagnostic-testing"/>
      </coding>
    </code>
    <definitionCanonical value="http://hl7.org/fhir/uv/cpg/chf/PlanDefinition/chf-urine-out-pd"/>
  </action>
  <action>
    <title value="Net I/Os"/>
    <description value="Measure net intake/output daily"/>
    <code>
      <coding>
        <system value="http://hl7.org/fhir/uv/cpg/CodeSystem/cpg-common-process-cs"/>
        <code value="diagnostic-testing"/>
      </coding>
    </code>
    <definitionCanonical value="http://hl7.org/fhir/uv/cpg/chf/PlanDefinition/chf-net-io-pd"/>
  </action>
</PlanDefinition>