<?xml version="1.0" encoding="UTF-8"?>

<Practitioner xmlns="http://hl7.org/fhir">
  <id value="chf-scenario1-practitioner"/>
  <text>
    <status value="generated"/><div xmlns="http://www.w3.org/1999/xhtml"><p class="res-header-id"><b>Generated Narrative: Practitioner chf-scenario1-practitioner</b></p><a name="chf-scenario1-practitioner"> </a><a name="hcchf-scenario1-practitioner"> </a><a name="chf-scenario1-practitioner-en-US"> </a><p><b>active</b>: true</p><p><b>name</b>: Rodriguez, Jesse</p></div>
  </text>
  <active value="true"/>
  <name>
    <use value="usual"/>
    <text value="Rodriguez, Jesse"/>
    <family value="Rodriguez"/>
    <given value="Jesse"/>
  </name>
</Practitioner>