<?xml version="1.0" encoding="UTF-8"?>

<PractitionerRole xmlns="http://hl7.org/fhir">
  <id value="chf-practitionerroledefinition"/>
  <text>
    <status value="generated"/><div xmlns="http://www.w3.org/1999/xhtml"><p class="res-header-id"><b>Generated Narrative: PractitionerRole chf-practitionerroledefinition</b></p><a name="chf-practitionerroledefinition"> </a><a name="hcchf-practitionerroledefinition"> </a><a name="chf-practitionerroledefinition-en-US"> </a><p><b>code</b>: <span title="Codes:{http://hl7.org/fhir/uv/cpg/CodeSystem/cpg-common-persona-cs 2212}">Specialist medical practitioner</span></p><p><b>specialty</b>: <span title="Codes:{http://snomed.info/sct 394579002}">Cardiology</span></p><p><b>location</b>: <a href="Location-chf-locationdefinition.html">Location Cardiovascular diagnostics or therapeutics unit</a></p></div>
  </text>
  <code>
    <coding>
      <system value="http://hl7.org/fhir/uv/cpg/CodeSystem/cpg-common-persona-cs"/>
      <code value="2212"/>
      <display value="Specialist medical practitioner"/>
    </coding>
  </code>
  <specialty>
    <coding>
      <system value="http://snomed.info/sct"/>
      <code value="394579002"/>
      <display value="Cardiology"/>
    </coding>
  </specialty>
  <location>
    <reference value="Location/chf-locationdefinition"/>
  </location>
</PractitionerRole>