<?xml version="1.0" encoding="UTF-8"?>

<Procedure xmlns="http://hl7.org/fhir">
  <id value="chf-scenario1-cardiology-consult"/>
  <text>
    <status value="extensions"/><div xmlns="http://www.w3.org/1999/xhtml"><p class="res-header-id"><b>Generated Narrative: Procedure chf-scenario1-cardiology-consult</b></p><a name="chf-scenario1-cardiology-consult"> </a><a name="hcchf-scenario1-cardiology-consult"> </a><a name="chf-scenario1-cardiology-consult-en-US"> </a><p><b>instantiatesCaseFeature</b>: <a href="StructureDefinition-chf-cardiology-consult.html">CHF Cardiology Consult</a></p><p><b>basedOn</b>: <a href="ServiceRequest-chf-scenario1-cardiology-consultation.html">ServiceRequest Cardiology Consultation</a></p><p><b>status</b>: Preparation</p><p><b>category</b>: <span title="Codes:{http://snomed.info/sct 386053000}">Evaluation</span></p><p><b>code</b>: <span title="Codes:{http://hl7.org/fhir/uv/cpg/CodeSystem/chf-codes cardiology-consultation}">Cardiology Consultation</span></p><p><b>subject</b>: <a href="Patient-chf-scenario1-patient.html">Patterson, Jeremy Male, DoB: 1949-03-17</a></p><p><b>encounter</b>: <a href="Encounter-chf-scenario1-encounter.html">Encounter: status = in-progress; class = inpatient encounter (ActCode#IMP); type = Inpatient stay 9 days; priority = High priority; period = 2019-01-31 05:03:00+0000 --&gt; (ongoing)</a></p><p><b>performed</b>: 2019-02-03 11:00:00+0000 --&gt; (ongoing)</p></div>
  </text>
  <extension url="http://hl7.org/fhir/uv/cpg/StructureDefinition/cpg-instantiatesCaseFeature">
    <valueCanonical value="http://hl7.org/fhir/uv/cpg/chf/StructureDefinition/chf-cardiology-consult"/>
  </extension>
  <basedOn>
    <reference value="ServiceRequest/chf-scenario1-cardiology-consultation"/>
  </basedOn>
  <status value="preparation"/>
  <category>
    <coding>
      <system value="http://snomed.info/sct"/>
      <code value="386053000"/>
      <display value="Evaluation procedure (procedure)"/>
    </coding>
    <text value="Evaluation"/>
  </category>
  <code>
    <coding>
      <system value="http://hl7.org/fhir/uv/cpg/CodeSystem/chf-codes"/>
      <code value="cardiology-consultation"/>
      <display value="Cardiology Consultation"/>
    </coding>
    <text value="Cardiology Consultation"/>
  </code>
  <subject>
    <reference value="Patient/chf-scenario1-patient"/>
  </subject>
  <encounter>
    <reference value="Encounter/chf-scenario1-encounter"/>
  </encounter>
  <performedPeriod>
    <start value="2019-02-03T11:00:00Z"/>
  </performedPeriod>
</Procedure>