<?xml version="1.0" encoding="UTF-8"?>

<ServiceRequest xmlns="http://hl7.org/fhir">
  <id value="chf-scenario1-jvp"/>
  <text>
    <status value="extensions"/><div xmlns="http://www.w3.org/1999/xhtml"><p class="res-header-id"><b>Generated Narrative: ServiceRequest chf-scenario1-jvp</b></p><a name="chf-scenario1-jvp"> </a><a name="hcchf-scenario1-jvp"> </a><a name="chf-scenario1-jvp-en-US"> </a><p><b>rationale</b>: </p><div><p>TODO: ACC recommends measuring jugular venous pressure as part of management of hypervolemia?</p>
</div><p><b>instantiatesCanonical</b>: <a href="ActivityDefinition-chf-jvp-ad.html">CHFJVP</a></p><p><b>status</b>: Completed</p><p><b>intent</b>: Order</p><p><b>category</b>: <span title="Codes:{http://snomed.info/sct 386053000}">Evaluation</span></p><p><b>doNotPerform</b>: false</p><p><b>code</b>: <span title="Codes:{http://hl7.org/fhir/uv/cpg/CodeSystem/chf-codes measure-jvp}">Measure jugular venous pressure</span></p><p><b>subject</b>: <a href="Patient-chf-scenario1-patient.html">Patterson, Jeremy Male, DoB: 1949-03-17</a></p><p><b>encounter</b>: <a href="Encounter-chf-scenario1-encounter.html">Encounter: status = in-progress; class = inpatient encounter (ActCode#IMP); type = Inpatient stay 9 days; priority = High priority; period = 2019-01-31 05:03:00+0000 --&gt; (ongoing)</a></p><p><b>occurrence</b>: 2019-02-03 09:41:00+0000</p><p><b>authoredOn</b>: 2019-02-03</p><p><b>supportingInfo</b>: </p><ul><li><a href="Observation-chf-scenario1-jvp1.html">Observation Jugular venous pressure</a></li><li><a href="Observation-chf-scenario1-jvp2.html">Observation Jugular venous pressure</a></li><li><a href="Observation-chf-scenario1-jvp3.html">Observation Jugular venous pressure</a></li><li><a href="Observation-chf-scenario1-jvp4.html">Observation Jugular venous pressure</a></li><li><a href="Observation-chf-scenario1-bodyweight1-observation.html">Observation Body weight</a></li><li><a href="Observation-chf-scenario1-bodyweight2-observation.html">Observation Body weight</a></li><li><a href="Observation-chf-scenario1-bodyweight3-observation.html">Observation Body weight</a></li><li><a href="Observation-chf-scenario1-bodyweight4-observation.html">Observation Body weight</a></li><li><a href="Observation-chf-scenario1-urineout3-observation.html">Observation Urine output 24 hour</a></li><li><a href="MedicationAdministration-chf-scenario1-lasix-iv.html">MedicationAdministration: status = completed; medication[x] = LASIX IV; effective[x] = 2019-02-03 07:08:00+0000</a></li></ul></div>
  </text>
  <extension url="http://hl7.org/fhir/uv/cpg/StructureDefinition/cpg-rationale">
    <valueMarkdown value="TODO: ACC recommends measuring jugular venous pressure as part of management of hypervolemia?"/>
  </extension>
  <instantiatesCanonical value="http://cqframework.cpg-example-chf/ActivityDefinition/chf-jvp-ad"/>
  <status value="completed"/>
  <intent value="order"/>
  <category>
    <coding>
      <system value="http://snomed.info/sct"/>
      <code value="386053000"/>
      <display value="Evaluation procedure (procedure)"/>
    </coding>
    <text value="Evaluation"/>
  </category>
  <doNotPerform value="false"/>
  <code>
    <coding>
      <system value="http://hl7.org/fhir/uv/cpg/CodeSystem/chf-codes"/>
      <code value="measure-jvp"/>
      <display value="Measure jugular venous pressure"/>
    </coding>
    <text value="Measure jugular venous pressure"/>
  </code>
  <subject>
    <reference value="Patient/chf-scenario1-patient"/>
  </subject>
  <encounter>
    <reference value="Encounter/chf-scenario1-encounter"/>
  </encounter>
  <occurrenceDateTime value="2019-02-03T09:41:00Z"/>
  <authoredOn value="2019-02-03"/>
  <supportingInfo>
    <reference value="Observation/chf-scenario1-jvp1"/>
  </supportingInfo>
  <supportingInfo>
    <reference value="Observation/chf-scenario1-jvp2"/>
  </supportingInfo>
  <supportingInfo>
    <reference value="Observation/chf-scenario1-jvp3"/>
  </supportingInfo>
  <supportingInfo>
    <reference value="Observation/chf-scenario1-jvp4"/>
  </supportingInfo>
  <supportingInfo>
    <reference value="Observation/chf-scenario1-bodyweight1-observation"/>
  </supportingInfo>
  <supportingInfo>
    <reference value="Observation/chf-scenario1-bodyweight2-observation"/>
  </supportingInfo>
  <supportingInfo>
    <reference value="Observation/chf-scenario1-bodyweight3-observation"/>
  </supportingInfo>
  <supportingInfo>
    <reference value="Observation/chf-scenario1-bodyweight4-observation"/>
  </supportingInfo>
  <supportingInfo>
    <reference value="Observation/chf-scenario1-urineout3-observation"/>
  </supportingInfo>
  <supportingInfo>
    <reference value="MedicationAdministration/chf-scenario1-lasix-iv"/>
  </supportingInfo>
</ServiceRequest>