<?xml version="1.0" encoding="UTF-8"?>

<ServiceRequest xmlns="http://hl7.org/fhir">
  <id value="chf-scenario1-o2-sat"/>
  <text>
    <status value="generated"/><div xmlns="http://www.w3.org/1999/xhtml"><p class="res-header-id"><b>Generated Narrative: ServiceRequest chf-scenario1-o2-sat</b></p><a name="chf-scenario1-o2-sat"> </a><a name="hcchf-scenario1-o2-sat"> </a><a name="chf-scenario1-o2-sat-en-US"> </a><p><b>instantiatesCanonical</b>: <a href="ActivityDefinition-chf-o2-sat-ad.html">CHFO2Sat</a></p><p><b>status</b>: Completed</p><p><b>intent</b>: Order</p><p><b>category</b>: <span title="Codes:{http://snomed.info/sct 386053000}">Evaluation</span></p><p><b>doNotPerform</b>: false</p><p><b>code</b>: <span title="Codes:{http://snomed.info/sct 104847001}">Oxygen saturation measurement</span></p><p><b>subject</b>: <a href="Patient-chf-scenario1-patient.html">Patterson, Jeremy Male, DoB: 1949-03-17</a></p><p><b>encounter</b>: <a href="Encounter-chf-scenario1-encounter.html">Encounter: status = in-progress; class = inpatient encounter (ActCode#IMP); type = Inpatient stay 9 days; priority = High priority; period = 2019-01-31 05:03:00+0000 --&gt; (ongoing)</a></p><p><b>occurrence</b>: 2019-02-03 13:00:00+0000</p><p><b>authoredOn</b>: 2019-02-03</p></div>
  </text>
  <instantiatesCanonical value="http://cqframework.cpg-example-chf/ActivityDefinition/chf-o2-sat-ad"/>
  <status value="completed"/>
  <intent value="order"/>
  <category>
    <coding>
      <system value="http://snomed.info/sct"/>
      <code value="386053000"/>
      <display value="Evaluation procedure (procedure)"/>
    </coding>
    <text value="Evaluation"/>
  </category>
  <doNotPerform value="false"/>
  <code>
    <coding>
      <system value="http://snomed.info/sct"/>
      <code value="104847001"/>
      <display value="Oxygen saturation measurement (procedure)"/>
    </coding>
    <text value="Oxygen saturation measurement"/>
  </code>
  <subject>
    <reference value="Patient/chf-scenario1-patient"/>
  </subject>
  <encounter>
    <reference value="Encounter/chf-scenario1-encounter"/>
  </encounter>
  <occurrenceDateTime value="2019-02-03T13:00:00Z"/>
  <authoredOn value="2019-02-03"/>
</ServiceRequest>