<?xml version="1.0" encoding="UTF-8"?><ActivityDefinition xmlns="http://hl7.org/fhir"><id value="chf-cardiology-consultation"/><meta><profile value="http://hl7.org/fhir/uv/cpg/StructureDefinition/cpg-computableactivity"/></meta><extension url="http://hl7.org/fhir/uv/cpg/StructureDefinition/cpg-knowledgeCapability"><valueCode value="shareable"/></extension><extension url="http://hl7.org/fhir/uv/cpg/StructureDefinition/cpg-knowledgeCapability"><valueCode value="computable"/></extension><extension url="http://hl7.org/fhir/uv/cpg/StructureDefinition/cpg-knowledgeCapability"><valueCode value="publishable"/></extension><extension url="http://hl7.org/fhir/uv/cpg/StructureDefinition/cpg-knowledgeRepresentationLevel"><valueCode value="structured"/></extension><url value="http://hl7.org/fhir/uv/cpg/chf/ActivityDefinition/chf-cardiology-consultation"/><version value="1.0.0"/><name value="CHFCardiologyConsultation"/><status value="active"/><experimental value="true"/><date value="2024-11-18T18:36:46+00:00"/><publisher value="HL7 International - Clinical Decision Support WG"/><contact><name value="HL7 International - Clinical Decision Support WG"/><telecom><system value="url"/><value value="http://www.hl7.org/Special/committees/dss/index.cfm"/></telecom></contact><description value="Cardiology consultation as part of a congestive heart failure care pathway"/><jurisdiction><coding><system value="http://unstats.un.org/unsd/methods/m49/m49.htm"/><code value="001"/><display value="World"/></coding></jurisdiction><kind value="ServiceRequest"/><profile value="http://hl7.org/fhir/uv/cpg/StructureDefinition/cpg-servicerequest"/><code><coding><system value="http://hl7.org/fhir/uv/cpg/CodeSystem/cpg-activity-type-cs"/><code value="order-service"/><display value="Order a service"/></coding></code><intent value="proposal"/><doNotPerform value="false"/><productCodeableConcept><coding><system value="http://hl7.org/fhir/uv/cpg/chf/CodeSystem/chf-codes"/><code value="cardiology-consultation"/><display value="Cardiology Consultation"/></coding></productCodeableConcept><dynamicValue><path value="status"/><expression><language value="text/cql"/><expression value="'draft'"/></expression></dynamicValue></ActivityDefinition>