<?xml version="1.0" encoding="UTF-8"?><ActivityDefinition xmlns="http://hl7.org/fhir"><id value="chf-bodyweight-change-ad"/><meta><profile value="http://hl7.org/fhir/uv/cpg/StructureDefinition/cpg-computableactivity"/></meta><extension url="http://hl7.org/fhir/uv/cpg/StructureDefinition/cpg-knowledgeCapability"><valueCode value="shareable"/></extension><extension url="http://hl7.org/fhir/uv/cpg/StructureDefinition/cpg-knowledgeCapability"><valueCode value="computable"/></extension><extension url="http://hl7.org/fhir/uv/cpg/StructureDefinition/cpg-knowledgeCapability"><valueCode value="publishable"/></extension><extension url="http://hl7.org/fhir/uv/cpg/StructureDefinition/cpg-knowledgeRepresentationLevel"><valueCode value="structured"/></extension><url value="http://hl7.org/fhir/uv/cpg/chf/ActivityDefinition/chf-bodyweight-change-ad"/><version value="1.0.0"/><name value="CHFBodyWeightChange"/><status value="active"/><experimental value="true"/><date value="2024-11-18T18:36:46+00:00"/><publisher value="HL7 International - Clinical Decision Support WG"/><contact><name value="HL7 International - Clinical Decision Support WG"/><telecom><system value="url"/><value value="http://www.hl7.org/Special/committees/dss/index.cfm"/></telecom></contact><description value="Record body weight change"/><jurisdiction><coding><system value="http://unstats.un.org/unsd/methods/m49/m49.htm"/><code value="001"/><display value="World"/></coding></jurisdiction><kind value="Task"/><profile value="http://hl7.org/fhir/uv/cpg/StructureDefinition/cpg-recordinferencetask"/><code><coding><system value="http://hl7.org/fhir/uv/cpg/CodeSystem/cpg-activity-type-cs"/><code value="record-inference"/><display value="Record an inference"/></coding></code><doNotPerform value="false"/><dynamicValue><path value="input.type"/><expression><language value="text/cql-expression"/><expression value="code"/></expression></dynamicValue><dynamicValue><path value="input.value"/><expression><language value="text/cql-identifier"/><expression value="Body Weight Change"/><reference value="http://hl7.org/fhir/uv/cpg/chf/Library/CHF"/></expression></dynamicValue></ActivityDefinition>