<?xml version="1.0" encoding="UTF-8"?><ActivityDefinition xmlns="http://hl7.org/fhir"><id value="chf-report-bodyweight"/><meta><profile value="http://hl7.org/fhir/uv/cpg/StructureDefinition/cpg-computableactivity"/></meta><extension url="http://hl7.org/fhir/uv/cpg/StructureDefinition/cpg-knowledgeCapability"><valueCode value="shareable"/></extension><extension url="http://hl7.org/fhir/uv/cpg/StructureDefinition/cpg-knowledgeCapability"><valueCode value="computable"/></extension><extension url="http://hl7.org/fhir/uv/cpg/StructureDefinition/cpg-knowledgeCapability"><valueCode value="publishable"/></extension><extension url="http://hl7.org/fhir/uv/cpg/StructureDefinition/cpg-knowledgeRepresentationLevel"><valueCode value="structured"/></extension><extension url="http://hl7.org/fhir/uv/cpg/StructureDefinition/cpg-reportWith"><valueCanonical value="http://cqframework.cpg-example-chf/Measure/chf-bodyweight-measure"/></extension><url value="http://cqframework.cpg-example-chf/ActivityDefinition/chf-report-bodyweight"/><version value="1.0.0"/><name value="CHFReportBodyWeight"/><status value="active"/><experimental value="true"/><date value="2024-11-18T18:43:23+00:00"/><publisher value="HL7 International - Clinical Decision Support WG"/><contact><name value="HL7 International - Clinical Decision Support WG"/><telecom><system value="url"/><value value="http://www.hl7.org/Special/committees/dss/index.cfm"/></telecom></contact><description value="Record body weight metric"/><jurisdiction><coding><system value="http://unstats.un.org/unsd/methods/m49/m49.htm"/><code value="001"/><display value="World"/></coding></jurisdiction><kind value="Task"/><profile value="http://hl7.org/fhir/uv/cpg/StructureDefinition/cpg-generatereporttask"/><code><coding><system value="http://hl7.org/fhir/uv/cpg/CodeSystem/cpg-activity-type-cs"/><code value="generate-report"/><display value="Generate a metric or case report"/></coding></code><doNotPerform value="false"/><dynamicValue><path value="input.type"/><expression><language value="text/cql"/><expression value="code"/></expression></dynamicValue><dynamicValue><path value="input.value"/><expression><language value="text/cql"/><expression value="extension('http://hl7.org/fhir/uv/cpg/StructureDefinition/cpg-reportWith').value"/></expression></dynamicValue></ActivityDefinition>