<?xml version="1.0" encoding="UTF-8"?><ActivityDefinition xmlns="http://hl7.org/fhir"><id value="chf-creatinine-ad"/><meta><profile value="http://hl7.org/fhir/uv/cpg/StructureDefinition/cpg-computableactivity"/></meta><extension url="http://hl7.org/fhir/uv/cpg/StructureDefinition/cpg-knowledgeCapability"><valueCode value="shareable"/></extension><extension url="http://hl7.org/fhir/uv/cpg/StructureDefinition/cpg-knowledgeCapability"><valueCode value="computable"/></extension><extension url="http://hl7.org/fhir/uv/cpg/StructureDefinition/cpg-knowledgeCapability"><valueCode value="publishable"/></extension><extension url="http://hl7.org/fhir/uv/cpg/StructureDefinition/cpg-knowledgeRepresentationLevel"><valueCode value="structured"/></extension><url value="http://cqframework.cpg-example-chf/ActivityDefinition/chf-creatinine-ad"/><version value="1.0.0"/><name value="CHFCreatinine"/><status value="active"/><experimental value="true"/><date value="2024-11-18T18:43:23+00:00"/><publisher value="HL7 International - Clinical Decision Support WG"/><contact><name value="HL7 International - Clinical Decision Support WG"/><telecom><system value="url"/><value value="http://www.hl7.org/Special/committees/dss/index.cfm"/></telecom></contact><description value="Monitor Creatinine"/><jurisdiction><coding><system value="http://unstats.un.org/unsd/methods/m49/m49.htm"/><code value="001"/><display value="World"/></coding></jurisdiction><kind value="ServiceRequest"/><profile value="http://hl7.org/fhir/uv/cpg/StructureDefinition/cpg-servicerequest"/><code><coding><system value="http://hl7.org/fhir/uv/cpg/CodeSystem/cpg-activity-type-cs"/><code value="order-service"/><display value="Order a service"/></coding></code><intent value="proposal"/><doNotPerform value="false"/><location><reference value="Location/chf-locationdefinition"/></location><participant><type value="practitioner"/><role><coding><system value="http://terminology.hl7.org/CodeSystem/practitioner-role"/><code value="nurse"/><display value="Nurse"/></coding></role></participant><productCodeableConcept><coding><system value="http://snomed.info/sct"/><code value="70901006"/><display value="Creatinine measurement (procedure)"/></coding></productCodeableConcept><dynamicValue><path value="status"/><expression><language value="text/cql"/><expression value="'draft'"/></expression></dynamicValue></ActivityDefinition>