<?xml version="1.0" encoding="UTF-8"?><ActivityDefinition xmlns="http://hl7.org/fhir"><id value="chf-lasix-po"/><meta><profile value="http://hl7.org/fhir/uv/cpg/StructureDefinition/cpg-computableactivity"/></meta><extension url="http://hl7.org/fhir/uv/cpg/StructureDefinition/cpg-knowledgeCapability"><valueCode value="shareable"/></extension><extension url="http://hl7.org/fhir/uv/cpg/StructureDefinition/cpg-knowledgeCapability"><valueCode value="computable"/></extension><extension url="http://hl7.org/fhir/uv/cpg/StructureDefinition/cpg-knowledgeCapability"><valueCode value="publishable"/></extension><extension url="http://hl7.org/fhir/uv/cpg/StructureDefinition/cpg-knowledgeRepresentationLevel"><valueCode value="structured"/></extension><url value="http://cqframework.cpg-example-chf/ActivityDefinition/chf-lasix-po"/><version value="1.0.0"/><name value="CHFLASIXPO"/><status value="active"/><experimental value="true"/><date value="2024-11-18T18:43:23+00:00"/><publisher value="HL7 International - Clinical Decision Support WG"/><contact><name value="HL7 International - Clinical Decision Support WG"/><telecom><system value="url"/><value value="http://www.hl7.org/Special/committees/dss/index.cfm"/></telecom></contact><description value="Activity definition to administer LASIX PO as part of a congestive heart failure pathway"/><jurisdiction><coding><system value="http://unstats.un.org/unsd/methods/m49/m49.htm"/><code value="001"/><display value="World"/></coding></jurisdiction><kind value="MedicationRequest"/><profile value="http://hl7.org/fhir/uv/cpg/StructureDefinition/cpg-medicationrequest"/><code><coding><system value="http://hl7.org/fhir/uv/cpg/CodeSystem/cpg-activity-type-cs"/><code value="order-medication"/><display value="Order a medication"/></coding></code><intent value="proposal"/><priority value="routine"/><doNotPerform value="false"/><productCodeableConcept><coding><system value="http://cqframework.cpg-example-chf/CodeSystem/chf-codes"/><code value="lasix-po"/><display value="LASIX PO"/></coding></productCodeableConcept><dosage><sequence value="1"/><text value="40mg"/><timing><repeat><frequency value="1"/><period value="1"/><periodUnit value="d"/></repeat></timing><route><coding><system value="http://snomed.info/sct"/><code value="26643006"/><display value="Oral Route (qualifier value)"/></coding></route><doseAndRate><type><coding><system value="http://terminology.hl7.org/CodeSystem/dose-rate-type"/><code value="ordered"/><display value="Ordered"/></coding></type><doseQuantity><value value="40"/><unit value="mg"/><system value="http://unitsofmeasure.org"/><code value="mg"/></doseQuantity></doseAndRate></dosage></ActivityDefinition>