<?xml version="1.0" encoding="UTF-8"?><GraphDefinition xmlns="http://hl7.org/fhir"><id value="chf-caseplansummarydefinition"/><meta><profile value="http://hl7.org/fhir/uv/cpg/StructureDefinition/cpg-shareablegraphdefinition"/><profile value="http://hl7.org/fhir/uv/cpg/StructureDefinition/cpg-computablegraphdefinition"/><profile value="http://hl7.org/fhir/uv/cpg/StructureDefinition/cpg-caseplansummarydefinition"/></meta><extension url="http://hl7.org/fhir/uv/cpg/StructureDefinition/cpg-knowledgeCapability"><valueCode value="shareable"/></extension><extension url="http://hl7.org/fhir/uv/cpg/StructureDefinition/cpg-knowledgeCapability"><valueCode value="computable"/></extension><extension url="http://hl7.org/fhir/uv/cpg/StructureDefinition/cpg-knowledgeCapability"><valueCode value="publishable"/></extension><extension url="http://hl7.org/fhir/uv/cpg/StructureDefinition/cpg-knowledgeRepresentationLevel"><valueCode value="structured"/></extension><extension url="http://hl7.org/fhir/uv/cpg/StructureDefinition/cpg-summaryDefinitionFor"><valueCanonical value="http://hl7.org/fhir/uv/cpg/chf/PlanDefinition/chf-pathway"/></extension><extension url="http://hl7.org/fhir/uv/cpg/StructureDefinition/cpg-copyright"><valueMarkdown value="Copyright (c) 2019+ HL7 International"/></extension><extension url="http://hl7.org/fhir/uv/cpg/StructureDefinition/cpg-topic"><valueCodeableConcept><coding><system value="http://snomed.info/sct"/><code value="42343007"/><display value="Congestive heart failure (disorder)"/></coding><text value="Congestive heart failure"/></valueCodeableConcept></extension><extension url="http://hl7.org/fhir/uv/cpg/StructureDefinition/cpg-author"><valueContactDetail><name value="Matthew Burton, MD"/></valueContactDetail></extension><extension url="http://hl7.org/fhir/uv/cpg/StructureDefinition/cpg-editor"><valueContactDetail><name value="Bryn Rhodes"/></valueContactDetail></extension><extension url="http://hl7.org/fhir/uv/cpg/StructureDefinition/cpg-reviewer"><valueContactDetail><name value="Davide Sottara"/></valueContactDetail></extension><extension url="http://hl7.org/fhir/uv/cpg/StructureDefinition/cpg-endorser"><valueContactDetail><name value="Example Quality Assurance Organization"/></valueContactDetail></extension><extension url="http://hl7.org/fhir/uv/cpg/StructureDefinition/cpg-copyright"><valueMarkdown value="Copyright (c) 2019+ HL7 International"/></extension><extension url="http://hl7.org/fhir/uv/cpg/StructureDefinition/cpg-relatedArtifact"><valueRelatedArtifact><type value="citation"/><citation value="Representation primitives, process models and patient data in computer-interpretable clinical practice guidelines: A literature review of guideline representation models. Dongwen Wang, Mor Peleg, Samson W Tu, Aziz A Boxwala, Robert A Greenes, Vimla L Patel, Edward H Shortliffe. International Journal of Medical Informatics, Volume 68, Issues 1–3, 2002, Pages 59-70, ISSN 1386-5056, https://doi.org/10.1016/S1386-5056(02)00065-5."/></valueRelatedArtifact></extension><extension url="http://hl7.org/fhir/uv/cpg/StructureDefinition/cpg-identifier"><valueIdentifier><use value="official"/><system value="http://hl7.org/fhir/uv/cpg/chf/ImplementationGuide/hl7.fhir.uv.cpg.chf"/><value value="CHFCasePlanSummaryDefinition"/></valueIdentifier></extension><extension url="http://hl7.org/fhir/uv/cpg/StructureDefinition/cpg-title"><valueString value="CHF Case Plan Summary Definition"/></extension><url value="http://hl7.org/fhir/uv/cpg/chf/GraphDefinition/chf-caseplansummarydefinition"/><version value="1.0.0"/><name value="CHFCasePlanSummaryDefinition"/><status value="active"/><experimental value="true"/><date value="2024-11-18T18:36:46+00:00"/><publisher value="HL7 International - Clinical Decision Support WG"/><contact><name value="HL7 International - Clinical Decision Support WG"/><telecom><system value="url"/><value value="http://www.hl7.org/Special/committees/dss/index.cfm"/></telecom></contact><description value="Definition of the case plan summary document for a congestive heart failure pathway"/><jurisdiction><coding><system value="http://unstats.un.org/unsd/methods/m49/m49.htm"/><code value="001"/><display value="World"/></coding></jurisdiction></GraphDefinition>