<?xml version="1.0" encoding="UTF-8"?><Measure xmlns="http://hl7.org/fhir"><id value="chf-urine-out-measure"/><meta><profile value="http://hl7.org/fhir/uv/cpg/StructureDefinition/cpg-computablemetric"/></meta><extension url="http://hl7.org/fhir/uv/cpg/StructureDefinition/cpg-knowledgeCapability"><valueCode value="shareable"/></extension><extension url="http://hl7.org/fhir/uv/cpg/StructureDefinition/cpg-knowledgeCapability"><valueCode value="computable"/></extension><extension url="http://hl7.org/fhir/uv/cpg/StructureDefinition/cpg-knowledgeCapability"><valueCode value="publishable"/></extension><extension url="http://hl7.org/fhir/uv/cpg/StructureDefinition/cpg-knowledgeRepresentationLevel"><valueCode value="structured"/></extension><url value="http://cqframework.cpg-example-chf/Measure/chf-urine-out-measure"/><version value="1.0.0"/><name value="CHFUrineOut"/><title value="CHF Urine Out Metric"/><status value="active"/><experimental value="true"/><date value="2024-11-18T18:43:23+00:00"/><publisher value="HL7 International - Clinical Decision Support WG"/><contact><name value="HL7 International - Clinical Decision Support WG"/><telecom><system value="url"/><value value="http://www.hl7.org/Special/committees/dss/index.cfm"/></telecom></contact><description value="Urine output metric as a feature of a congestive heart failure pathway"/><jurisdiction><coding><system value="http://unstats.un.org/unsd/methods/m49/m49.htm"/><code value="001"/><display value="World"/></coding></jurisdiction><library value="http://cqframework.cpg-example-chf/Library/CHF"/><scoring><coding><system value="http://terminology.hl7.org/CodeSystem/measure-scoring"/><code value="continuous-variable"/></coding></scoring><improvementNotation><coding><system value="http://terminology.hl7.org/CodeSystem/measure-improvement-notation"/><code value="decrease"/></coding></improvementNotation><group><population><code><coding><system value="http://terminology.hl7.org/CodeSystem/measure-population"/><code value="measure-observation"/></coding></code><criteria><language value="text/cql-identifier"/><expression value="Current Urine Output"/></criteria></population></group></Measure>