<?xml version="1.0" encoding="UTF-8"?><PlanDefinition xmlns="http://hl7.org/fhir"><id value="chf-hypervolemia"/><meta><profile value="http://hl7.org/fhir/uv/cpg/StructureDefinition/cpg-strategydefinition"/></meta><extension url="http://hl7.org/fhir/uv/cpg/StructureDefinition/cpg-knowledgeCapability"><valueCode value="shareable"/></extension><extension url="http://hl7.org/fhir/uv/cpg/StructureDefinition/cpg-knowledgeCapability"><valueCode value="computable"/></extension><extension url="http://hl7.org/fhir/uv/cpg/StructureDefinition/cpg-knowledgeCapability"><valueCode value="publishable"/></extension><extension url="http://hl7.org/fhir/uv/cpg/StructureDefinition/cpg-knowledgeRepresentationLevel"><valueCode value="structured"/></extension><extension url="http://hl7.org/fhir/uv/cpg/StructureDefinition/cpg-partOf"><valueCanonical value="http://hl7.org/fhir/uv/cpg/chf/PlanDefinition/chf-pathway"/></extension><extension url="http://hl7.org/fhir/uv/cpg/StructureDefinition/cpg-enabled"><valueBoolean value="true"/></extension><url value="http://hl7.org/fhir/uv/cpg/chf/PlanDefinition/chf-hypervolemia"/><version value="1.0.0"/><name value="CHFHypervolemia"/><type><coding><system value="http://terminology.hl7.org/CodeSystem/plan-definition-type"/><code value="workflow-definition"/></coding></type><status value="active"/><experimental value="true"/><date value="2024-11-18T18:36:46+00:00"/><publisher value="HL7 International - Clinical Decision Support WG"/><contact><name value="HL7 International - Clinical Decision Support WG"/><telecom><system value="url"/><value value="http://www.hl7.org/Special/committees/dss/index.cfm"/></telecom></contact><description value="Hypervolemia strategy as part of a care pathway for patients with admitting diagnosis of congestive heart failure"/><jurisdiction><coding><system value="http://unstats.un.org/unsd/methods/m49/m49.htm"/><code value="001"/><display value="World"/></coding></jurisdiction><action><title value="JVP"/><description value="Measure JVP daily"/><code><coding><system value="http://hl7.org/fhir/uv/cpg/CodeSystem/cpg-common-process-cs"/><code value="diagnostic-testing"/></coding></code><definitionCanonical value="http://hl7.org/fhir/uv/cpg/chf/PlanDefinition/chf-jvp-pd"/></action><action><title value="O2 Sat"/><description value="Monitor O2 Sat"/><code><coding><system value="http://hl7.org/fhir/uv/cpg/CodeSystem/cpg-common-process-cs"/><code value="diagnostic-testing"/></coding></code><definitionCanonical value="http://hl7.org/fhir/uv/cpg/chf/PlanDefinition/chf-o2-sat-pd"/></action><action><title value="Potassium"/><description value="Monitor Potassium"/><code><coding><system value="http://hl7.org/fhir/uv/cpg/CodeSystem/cpg-common-process-cs"/><code value="diagnostic-testing"/></coding></code><definitionCanonical value="http://hl7.org/fhir/uv/cpg/chf/PlanDefinition/chf-potassium-pd"/></action><action><title value="Creatinine"/><description value="Monitor Creatinine"/><code><coding><system value="http://hl7.org/fhir/uv/cpg/CodeSystem/cpg-common-process-cs"/><code value="diagnostic-testing"/></coding></code><definitionCanonical value="http://hl7.org/fhir/uv/cpg/chf/PlanDefinition/chf-creatinine-pd"/></action><action><title value="eGFR"/><description value="Monitor eGFR"/><code><coding><system value="http://hl7.org/fhir/uv/cpg/CodeSystem/cpg-common-process-cs"/><code value="diagnostic-testing"/></coding></code><definitionCanonical value="http://hl7.org/fhir/uv/cpg/chf/PlanDefinition/chf-egfr-pd"/></action><action><title value="LASIX"/><description value="LASIX"/><code><coding><system value="http://hl7.org/fhir/uv/cpg/CodeSystem/cpg-common-process-cs"/><code value="guideline-based-care"/></coding></code><definitionCanonical value="http://hl7.org/fhir/uv/cpg/chf/PlanDefinition/chf-lasix"/></action><action><title value="Cardiology Consultation"/><description value="Cardiology Consultation within 24 hours"/><code><coding><system value="http://hl7.org/fhir/uv/cpg/CodeSystem/cpg-common-process-cs"/><code value="guideline-based-care"/></coding></code><definitionCanonical value="http://hl7.org/fhir/uv/cpg/chf/PlanDefinition/chf-cardiology-consultation-pd"/></action></PlanDefinition>