<?xml version="1.0" encoding="UTF-8"?><PlanDefinition xmlns="http://hl7.org/fhir"><id value="chf-daily-management"/><meta><profile value="http://hl7.org/fhir/uv/cpg/StructureDefinition/cpg-strategydefinition"/></meta><extension url="http://hl7.org/fhir/uv/cpg/StructureDefinition/cpg-knowledgeCapability"><valueCode value="shareable"/></extension><extension url="http://hl7.org/fhir/uv/cpg/StructureDefinition/cpg-knowledgeCapability"><valueCode value="computable"/></extension><extension url="http://hl7.org/fhir/uv/cpg/StructureDefinition/cpg-knowledgeCapability"><valueCode value="publishable"/></extension><extension url="http://hl7.org/fhir/uv/cpg/StructureDefinition/cpg-knowledgeRepresentationLevel"><valueCode value="structured"/></extension><extension url="http://hl7.org/fhir/uv/cpg/StructureDefinition/cpg-partOf"><valueCanonical value="http://cqframework.cpg-example-chf/PlanDefinition/chf-pathway"/></extension><extension url="http://hl7.org/fhir/uv/cpg/StructureDefinition/cpg-enabled"><valueBoolean value="true"/></extension><url value="http://cqframework.cpg-example-chf/PlanDefinition/chf-daily-management"/><version value="1.0.0"/><name value="CHFDailyManagement"/><type><coding><system value="http://terminology.hl7.org/CodeSystem/plan-definition-type"/><code value="workflow-definition"/></coding></type><status value="active"/><experimental value="true"/><date value="2024-11-18T18:43:23+00:00"/><publisher value="HL7 International - Clinical Decision Support WG"/><contact><name value="HL7 International - Clinical Decision Support WG"/><telecom><system value="url"/><value value="http://www.hl7.org/Special/committees/dss/index.cfm"/></telecom></contact><description value="Daily management strategy as part of a care pathway for patients with admitting diagnosis of congestive heart failure"/><jurisdiction><coding><system value="http://unstats.un.org/unsd/methods/m49/m49.htm"/><code value="001"/><display value="World"/></coding></jurisdiction><action><title value="Weight"/><description value="Measure weight daily"/><code><coding><system value="http://hl7.org/fhir/uv/cpg/CodeSystem/cpg-common-process-cs"/><code value="diagnostic-testing"/></coding></code><definitionCanonical value="http://cqframework.cpg-example-chf/PlanDefinition/chf-bodyweight-pd"/></action><action><title value="Weight Change"/><description value="Manage weight change"/><code><coding><system value="http://hl7.org/fhir/uv/cpg/CodeSystem/cpg-common-process-cs"/><code value="diagnostic-testing"/></coding></code><definitionCanonical value="http://cqframework.cpg-example-chf/PlanDefinition/chf-bodyweight-change-pd"/></action><action><title value="Urine Output"/><description value="Measure urine output daily"/><code><coding><system value="http://hl7.org/fhir/uv/cpg/CodeSystem/cpg-common-process-cs"/><code value="diagnostic-testing"/></coding></code><definitionCanonical value="http://cqframework.cpg-example-chf/PlanDefinition/chf-urine-out-pd"/></action><action><title value="Net I/Os"/><description value="Measure net intake/output daily"/><code><coding><system value="http://hl7.org/fhir/uv/cpg/CodeSystem/cpg-common-process-cs"/><code value="diagnostic-testing"/></coding></code><definitionCanonical value="http://cqframework.cpg-example-chf/PlanDefinition/chf-net-io-pd"/></action></PlanDefinition>