<?xml version="1.0" encoding="UTF-8"?><PlanDefinition xmlns="http://hl7.org/fhir"><id value="chf-pathway"/><meta><profile value="http://hl7.org/fhir/uv/cpg/StructureDefinition/cpg-pathwaydefinition"/></meta><extension url="http://hl7.org/fhir/uv/cpg/StructureDefinition/cpg-knowledgeCapability"><valueCode value="shareable"/></extension><extension url="http://hl7.org/fhir/uv/cpg/StructureDefinition/cpg-knowledgeCapability"><valueCode value="computable"/></extension><extension url="http://hl7.org/fhir/uv/cpg/StructureDefinition/cpg-knowledgeCapability"><valueCode value="publishable"/></extension><extension url="http://hl7.org/fhir/uv/cpg/StructureDefinition/cpg-knowledgeRepresentationLevel"><valueCode value="structured"/></extension><extension url="http://hl7.org/fhir/uv/cpg/StructureDefinition/cpg-enabled"><valueBoolean value="true"/></extension><url value="http://cqframework.cpg-example-chf/PlanDefinition/chf-pathway"/><version value="1.0.0"/><name value="CHFPathway"/><type><coding><system value="http://terminology.hl7.org/CodeSystem/plan-definition-type"/><code value="clinical-protocol"/></coding></type><status value="active"/><experimental value="true"/><date value="2024-11-18T18:43:23+00:00"/><publisher value="HL7 International - Clinical Decision Support WG"/><contact><name value="HL7 International - Clinical Decision Support WG"/><telecom><system value="url"/><value value="http://www.hl7.org/Special/committees/dss/index.cfm"/></telecom></contact><description value="Treatment and management care pathway for patients with admitting diagnosis of congestive heart failure"/><jurisdiction><coding><system value="http://unstats.un.org/unsd/methods/m49/m49.htm"/><code value="001"/><display value="World"/></coding></jurisdiction><action><title value="CHF Daily Management"/><description value="Daily Management strategy for Congestive Heart Failure"/><code><coding><system value="http://hl7.org/fhir/uv/cpg/CodeSystem/cpg-common-process-cs"/><code value="guideline-based-care"/></coding></code><definitionCanonical value="http://cqframework.cpg-example-chf/PlanDefinition/chf-daily-management"/></action><action><title value="CHF Hypervolemia"/><description value="Hypervolemia strategy for Congestive Heart Failure"/><code><coding><system value="http://hl7.org/fhir/uv/cpg/CodeSystem/cpg-common-process-cs"/><code value="guideline-based-care"/></coding></code><definitionCanonical value="http://cqframework.cpg-example-chf/PlanDefinition/chf-hypervolemia"/></action></PlanDefinition>