<?xml version="1.0" encoding="UTF-8"?><PlanDefinition xmlns="http://hl7.org/fhir"><id value="chf-cardiology-consultation-pd"/><meta><profile value="http://hl7.org/fhir/uv/cpg/StructureDefinition/cpg-recommendationdefinition"/></meta><extension url="http://hl7.org/fhir/uv/cpg/StructureDefinition/cpg-knowledgeCapability"><valueCode value="shareable"/></extension><extension url="http://hl7.org/fhir/uv/cpg/StructureDefinition/cpg-knowledgeCapability"><valueCode value="computable"/></extension><extension url="http://hl7.org/fhir/uv/cpg/StructureDefinition/cpg-knowledgeCapability"><valueCode value="publishable"/></extension><extension url="http://hl7.org/fhir/uv/cpg/StructureDefinition/cpg-knowledgeRepresentationLevel"><valueCode value="structured"/></extension><extension url="http://hl7.org/fhir/uv/cpg/StructureDefinition/cpg-partOf"><valueCanonical value="http://cqframework.cpg-example-chf/PlanDefinition/chf-hypervolemia"/></extension><extension url="http://hl7.org/fhir/uv/cpg/StructureDefinition/cpg-enabled"><valueBoolean value="true"/></extension><url value="http://cqframework.org/cpg-example-chf/PlanDefinition/chf-cardiology-consultation-pd"/><version value="1.0.0"/><name value="CHFCardiologyConsultation"/><type><coding><system value="http://terminology.hl7.org/CodeSystem/plan-definition-type"/><code value="eca-rule"/></coding></type><status value="active"/><experimental value="true"/><date value="2024-11-18T18:43:23+00:00"/><publisher value="HL7 International - Clinical Decision Support WG"/><contact><name value="HL7 International - Clinical Decision Support WG"/><telecom><system value="url"/><value value="http://www.hl7.org/Special/committees/dss/index.cfm"/></telecom></contact><description value="Cardiology consultation within 24 hrs"/><jurisdiction><coding><system value="http://unstats.un.org/unsd/methods/m49/m49.htm"/><code value="001"/><display value="World"/></coding></jurisdiction><goal><description><text value="Cardiology Consultation within 24 hours"/></description><start><coding><system value="http://snomed.info/sct"/><code value="32485007"/><display value="Admission to hospital"/></coding></start></goal><action id="cardiology-consultation"><title value="Cardiology Consultation"/><description value="Cardiology Consultation"/><code><coding><system value="http://hl7.org/fhir/uv/cpg/CodeSystem/cpg-common-process-cs"/><code value="guideline-based-care"/></coding></code><definitionCanonical value="http://cqframework.cpg-example-chf/ActivityDefinition/chf-cardiology-consultation"/></action></PlanDefinition>