<?xml version="1.0" encoding="UTF-8"?><PlanDefinition xmlns="http://hl7.org/fhir"><id value="chf-urine-out-pd"/><meta><profile value="http://hl7.org/fhir/uv/cpg/StructureDefinition/cpg-recommendationdefinition"/></meta><extension url="http://hl7.org/fhir/uv/cpg/StructureDefinition/cpg-knowledgeCapability"><valueCode value="shareable"/></extension><extension url="http://hl7.org/fhir/uv/cpg/StructureDefinition/cpg-knowledgeCapability"><valueCode value="computable"/></extension><extension url="http://hl7.org/fhir/uv/cpg/StructureDefinition/cpg-knowledgeCapability"><valueCode value="publishable"/></extension><extension url="http://hl7.org/fhir/uv/cpg/StructureDefinition/cpg-knowledgeRepresentationLevel"><valueCode value="structured"/></extension><extension url="http://hl7.org/fhir/uv/cpg/StructureDefinition/cpg-partOf"><valueCanonical value="http://hl7.org/fhir/uv/cpg/chf/PlanDefinition/chf-daily-management"/></extension><extension url="http://hl7.org/fhir/uv/cpg/StructureDefinition/cpg-enabled"><valueBoolean value="true"/></extension><url value="http://hl7.org/fhir/uv/cpg/chf/PlanDefinition/chf-urine-out-pd"/><version value="1.0.0"/><name value="CHFUrineOut"/><type><coding><system value="http://terminology.hl7.org/CodeSystem/plan-definition-type"/><code value="eca-rule"/></coding></type><status value="active"/><experimental value="true"/><date value="2024-11-18T18:36:46+00:00"/><publisher value="HL7 International - Clinical Decision Support WG"/><contact><name value="HL7 International - Clinical Decision Support WG"/><telecom><system value="url"/><value value="http://www.hl7.org/Special/committees/dss/index.cfm"/></telecom></contact><description value="Measure urine output daily"/><jurisdiction><coding><system value="http://unstats.un.org/unsd/methods/m49/m49.htm"/><code value="001"/><display value="World"/></coding></jurisdiction><goal><description><text value="Urine output target"/></description><start><coding><system value="http://snomed.info/sct"/><code value="32485007"/><display value="Admission to hospital"/></coding></start></goal><action id="urine-out"><title value="Urine Out"/><description value="Measure urine output daily"/><code><coding><system value="http://hl7.org/fhir/uv/cpg/CodeSystem/cpg-common-process-cs"/><code value="diagnostic-testing"/></coding></code><trigger><type value="periodic"/><timingTiming><repeat><frequency value="1"/><period value="1"/><periodUnit value="d"/></repeat></timingTiming></trigger><definitionCanonical value="http://hl7.org/fhir/uv/cpg/chf/ActivityDefinition/chf-urine-out-ad"/></action><action><title value="Report Urine Out"/><description value="Report urine output metric daily"/><code><coding><system value="http://hl7.org/fhir/uv/cpg/CodeSystem/cpg-common-process-cs"/><code value="diagnostic-testing"/></coding></code><relatedAction><actionId value="urine-out"/><relationship value="after-end"/></relatedAction><definitionCanonical value="http://hl7.org/fhir/uv/cpg/chf/ActivityDefinition/chf-report-urine-out"/></action></PlanDefinition>