<?xml version="1.0" encoding="UTF-8"?>

<CarePlan xmlns="http://hl7.org/fhir">
  <id value="chf-scenario1-careplan"/>
  <text>
    <status value="extensions"/><div xmlns="http://www.w3.org/1999/xhtml"><p class="res-header-id"><b>Generated Narrative: CarePlan chf-scenario1-careplan</b></p><a name="chf-scenario1-careplan"> </a><a name="hcchf-scenario1-careplan"> </a><a name="chf-scenario1-careplan-en-US"> </a><p><b>planFor</b>: <a href="EpisodeOfCare-chf-scenario1-eoc.html">EpisodeOfCare: extension = http://cqframework.cpg-example-chf/PlanDefinition/chf-pathway; status = active; period = 2019-01-31 05:03:00+0000 --&gt; (ongoing)</a></p><p><b>instantiatesCanonical</b>: <a href="PlanDefinition-chf-pathway.html">CHFPathway</a></p><p><b>status</b>: Active</p><p><b>intent</b>: Plan</p><p><b>category</b>: <span title="Codes:">Heart Failure Care Pathway</span></p><p><b>title</b>: Heart Failure Care Pathway</p><p><b>description</b>: Care Pathway for treatment of congestive heart failure</p><p><b>subject</b>: <a href="Patient-chf-scenario1-patient.html">Patterson, Jeremy Male, DoB: 1949-03-17</a></p><p><b>encounter</b>: <a href="Encounter-chf-scenario1-encounter.html">Encounter: status = in-progress; class = inpatient encounter (ActCode#IMP); type = Inpatient stay 9 days; priority = High priority; period = 2019-01-31 05:03:00+0000 --&gt; (ongoing)</a></p><p><b>period</b>: 2019-01-31 07:00:00+0000 --&gt; (ongoing)</p><p><b>created</b>: 2019-01-31 07:00:00+0000</p><p><b>careTeam</b>: <a href="CareTeam-chf-scenario1-careteam.html">CareTeam CHF Care Team</a></p><p><b>addresses</b>: <a href="Condition-chf-scenario1-condition.html">Condition Congestive heart failure (disorder)</a></p><p><b>goal</b>: </p><ul><li><a href="Goal-chf-scenario1-weight.html">Goal: extension = http://cqframework.cpg-example-chf/PlanDefinition/chf-bodyweight-pd; lifecycleStatus = active; achievementStatus = Improving; description = </a></li><li><a href="Goal-chf-scenario1-weight-change.html">Goal: extension = http://cqframework.cpg-example-chf/PlanDefinition/chf-bodyweight-change-pd; lifecycleStatus = active; achievementStatus = Improving; description = </a></li><li><a href="Goal-chf-scenario1-urine-out.html">Goal: extension = http://cqframework.cpg-example-chf/PlanDefinition/chf-urine-out-pd; lifecycleStatus = active; achievementStatus = Improving; description = </a></li><li><a href="Goal-chf-scenario1-net-io.html">Goal: extension = http://cqframework.cpg-example-chf/PlanDefinition/chf-net-io-pd; lifecycleStatus = active; achievementStatus = Improving; description = </a></li><li><a href="Goal-chf-scenario1-jvp-goal.html">Goal: extension = http://cqframework.cpg-example-chf/PlanDefinition/chf-jvp-pd; lifecycleStatus = active; achievementStatus = Improving; description = </a></li><li><a href="Goal-chf-scenario1-o2-sat-goal.html">Goal: extension = http://cqframework.cpg-example-chf/PlanDefinition/chf-o2-sat-pd; lifecycleStatus = active; achievementStatus = Improving; description = </a></li><li><a href="Goal-chf-scenario1-potassium.html">Goal: extension = http://cqframework.cpg-example-chf/PlanDefinition/chf-potassium-pd; lifecycleStatus = active; achievementStatus = Improving; description = </a></li><li><a href="Goal-chf-scenario1-creatinine.html">Goal: extension = http://cqframework.cpg-example-chf/PlanDefinition/chf-creatinine-pd; lifecycleStatus = active; achievementStatus = Improving; description = </a></li><li><a href="Goal-chf-scenario1-egfr.html">Goal: extension = http://cqframework.cpg-example-chf/PlanDefinition/chf-egfr-pd; lifecycleStatus = active; achievementStatus = Improving; description = </a></li><li><a href="Goal-chf-scenario1-lasix-iv-goal.html">Goal: extension = http://cqframework.cpg-example-chf/PlanDefinition/chf-lasix; lifecycleStatus = active; achievementStatus = Improving; description = </a></li><li><a href="Goal-chf-scenario1-lasix-po-goal.html">Goal: extension = http://cqframework.cpg-example-chf/PlanDefinition/chf-lasix; lifecycleStatus = active; achievementStatus = Improving; description = </a></li><li><a href="Goal-chf-scenario1-cardiology-consultation-goal.html">Goal: extension = http://cqframework.org/cpg-example-chf/PlanDefinition/chf-cardiology-consultation-pd; lifecycleStatus = active; achievementStatus = Improving; description = </a></li></ul><blockquote><p><b>activity</b></p><p><b>reference</b>: <a href="RequestGroup-chf-scenario1-daily-management.html">RequestGroup: instantiatesCanonical = http://cqframework.cpg-example-chf/PlanDefinition/chf-daily-management; status = active; intent = plan</a></p></blockquote><blockquote><p><b>activity</b></p><p><b>reference</b>: <a href="RequestGroup-chf-scenario1-hypervolemia.html">RequestGroup: instantiatesCanonical = http://cqframework.cpg-example-chf/PlanDefinition/chf-hypervolemia; status = active; intent = plan</a></p></blockquote></div>
  </text>
  <extension url="http://hl7.org/fhir/uv/cpg/StructureDefinition/cpg-planFor">
    <valueReference>
      <reference value="EpisodeOfCare/chf-scenario1-eoc"/>
    </valueReference>
  </extension>
  <instantiatesCanonical value="http://cqframework.cpg-example-chf/PlanDefinition/chf-pathway"/>
  <status value="active"/>
  <intent value="plan"/>
  <category>
    <text value="Heart Failure Care Pathway"/>
  </category>
  <title value="Heart Failure Care Pathway"/>
  <description value="Care Pathway for treatment of congestive heart failure"/>
  <subject>
    <reference value="Patient/chf-scenario1-patient"/>
  </subject>
  <encounter>
    <reference value="Encounter/chf-scenario1-encounter"/>
  </encounter>
  <period>
    <start value="2019-01-31T07:00:00Z"/>
  </period>
  <created value="2019-01-31T07:00:00Z"/>
  <careTeam>
    <reference value="CareTeam/chf-scenario1-careteam"/>
  </careTeam>
  <addresses>
    <reference value="Condition/chf-scenario1-condition"/>
  </addresses>
  <goal>
    <reference value="Goal/chf-scenario1-weight"/>
  </goal>
  <goal>
    <reference value="Goal/chf-scenario1-weight-change"/>
  </goal>
  <goal>
    <reference value="Goal/chf-scenario1-urine-out"/>
  </goal>
  <goal>
    <reference value="Goal/chf-scenario1-net-io"/>
  </goal>
  <goal>
    <reference value="Goal/chf-scenario1-jvp-goal"/>
  </goal>
  <goal>
    <reference value="Goal/chf-scenario1-o2-sat-goal"/>
  </goal>
  <goal>
    <reference value="Goal/chf-scenario1-potassium"/>
  </goal>
  <goal>
    <reference value="Goal/chf-scenario1-creatinine"/>
  </goal>
  <goal>
    <reference value="Goal/chf-scenario1-egfr"/>
  </goal>
  <goal>
    <reference value="Goal/chf-scenario1-lasix-iv-goal"/>
  </goal>
  <goal>
    <reference value="Goal/chf-scenario1-lasix-po-goal"/>
  </goal>
  <goal>
    <reference value="Goal/chf-scenario1-cardiology-consultation-goal"/>
  </goal>
  <activity>
    <reference>
      <reference value="RequestGroup/chf-scenario1-daily-management"/>
    </reference>
  </activity>
  <activity>
    <reference>
      <reference value="RequestGroup/chf-scenario1-hypervolemia"/>
    </reference>
  </activity>
</CarePlan>