{
  "resourceType" : "Goal",
  "id" : "chf-scenario1-o2-sat-goal",
  "text" : {
    "status" : "extensions",
    "div" : "<div xmlns=\"http://www.w3.org/1999/xhtml\"><p class=\"res-header-id\"><b>Generated Narrative: Goal chf-scenario1-o2-sat-goal</b></p><a name=\"chf-scenario1-o2-sat-goal\"> </a><a name=\"hcchf-scenario1-o2-sat-goal\"> </a><a name=\"chf-scenario1-o2-sat-goal-en-US\"> </a><p><b>goalFor</b>: <a href=\"PlanDefinition-chf-o2-sat-pd.html\">CHFO2SatPD</a></p><p><b>lifecycleStatus</b>: Active</p><p><b>achievementStatus</b>: <span title=\"Codes:{http://terminology.hl7.org/CodeSystem/goal-achievement improving}\">Improving</span></p><p><b>description</b>: <span title=\"Codes:\">Oxygen saturation &gt; 94% SaO2</span></p><p><b>subject</b>: <a href=\"Patient-chf-scenario1-patient.html\">Patterson, Jeremy Male, DoB: 1949-03-17</a></p><h3>Targets</h3><table class=\"grid\"><tr><td style=\"display: none\">-</td><td><b>Measure</b></td><td><b>Detail[x]</b></td></tr><tr><td style=\"display: none\">*</td><td><span title=\"Codes:{http://loinc.org 2708-6}\">Oxygen saturation in Arterial blood</span></td><td>&gt;94 %<span style=\"background: LightGoldenRodYellow\"> (Details: UCUM  code% = '%')</span></td></tr></table></div>"
  },
  "extension" : [{
    "url" : "http://hl7.org/fhir/uv/cpg/StructureDefinition/cpg-goalFor",
    "valueCanonical" : "http://cqframework.cpg-example-chf/PlanDefinition/chf-o2-sat-pd"
  }],
  "lifecycleStatus" : "active",
  "achievementStatus" : {
    "coding" : [{
      "system" : "http://terminology.hl7.org/CodeSystem/goal-achievement",
      "code" : "improving"
    }]
  },
  "description" : {
    "text" : "Oxygen saturation > 94% SaO2"
  },
  "subject" : {
    "reference" : "Patient/chf-scenario1-patient"
  },
  "target" : [{
    "measure" : {
      "coding" : [{
        "system" : "http://loinc.org",
        "code" : "2708-6"
      }]
    },
    "detailQuantity" : {
      "value" : 94,
      "comparator" : ">",
      "unit" : "%",
      "system" : "http://unitsofmeasure.org",
      "code" : "%"
    }
  }]
}