{
  "resourceType" : "MedicationRequest",
  "id" : "chf-scenario1-lasix-po-mr",
  "text" : {
    "status" : "generated",
    "div" : "<div xmlns=\"http://www.w3.org/1999/xhtml\"><p class=\"res-header-id\"><b>Generated Narrative: MedicationRequest chf-scenario1-lasix-po-mr</b></p><a name=\"chf-scenario1-lasix-po-mr\"> </a><a name=\"hcchf-scenario1-lasix-po-mr\"> </a><a name=\"chf-scenario1-lasix-po-mr-en-US\"> </a><p><b>status</b>: Draft</p><p><b>intent</b>: Proposal</p><p><b>priority</b>: Routine</p><p><b>medication</b>: <span title=\"Codes:{http://hl7.org/fhir/uv/cpg/CodeSystem/chf-codes lasix-po}\">LASIX PO</span></p><p><b>subject</b>: <a href=\"Patient-chf-scenario1-patient.html\">Patterson, Jeremy Male, DoB: 1949-03-17</a></p><p><b>instantiatesCanonical</b>: <a href=\"ActivityDefinition-chf-lasix-po.html\">CHFLASIXPO</a></p><blockquote><p><b>dosageInstruction</b></p><p><b>sequence</b>: 1</p><p><b>text</b>: 40mg</p><p><b>route</b>: <span title=\"Codes:{http://snomed.info/sct 26643006}\">Oral Route (qualifier value)</span></p><h3>DoseAndRates</h3><table class=\"grid\"><tr><td style=\"display: none\">-</td><td><b>Type</b></td><td><b>Dose[x]</b></td></tr><tr><td style=\"display: none\">*</td><td><span title=\"Codes:{http://terminology.hl7.org/CodeSystem/dose-rate-type ordered}\">Ordered</span></td><td>40 mg<span style=\"background: LightGoldenRodYellow\"> (Details: UCUM  codemg = 'mg')</span></td></tr></table></blockquote></div>"
  },
  "status" : "draft",
  "intent" : "proposal",
  "priority" : "routine",
  "medicationCodeableConcept" : {
    "coding" : [{
      "system" : "http://hl7.org/fhir/uv/cpg/CodeSystem/chf-codes",
      "code" : "lasix-po",
      "display" : "LASIX PO"
    }]
  },
  "subject" : {
    "reference" : "Patient/chf-scenario1-patient"
  },
  "instantiatesCanonical" : ["http://cqframework.cpg-example-chf/ActivityDefinition/chf-lasix-po"],
  "dosageInstruction" : [{
    "sequence" : 1,
    "text" : "40mg",
    "route" : {
      "coding" : [{
        "system" : "http://snomed.info/sct",
        "code" : "26643006",
        "display" : "Oral Route (qualifier value)"
      }]
    },
    "doseAndRate" : [{
      "type" : {
        "coding" : [{
          "system" : "http://terminology.hl7.org/CodeSystem/dose-rate-type",
          "code" : "ordered",
          "display" : "Ordered"
        }]
      },
      "doseQuantity" : {
        "value" : 40,
        "unit" : "mg",
        "system" : "http://unitsofmeasure.org",
        "code" : "mg"
      }
    }]
  }]
}