<?xml version="1.0" encoding="UTF-8"?>

<Observation xmlns="http://hl7.org/fhir">
  <id value="chf-scenario1-jvp1"/>
  <meta>
    <profile value="http://hl7.org/fhir/uv/cpg/chf/StructureDefinition/chf-jvp"/>
  </meta>
  <text>
    <status value="extensions"/><div xmlns="http://www.w3.org/1999/xhtml"><p class="res-header-id"><b>Generated Narrative: Observation chf-scenario1-jvp1</b></p><a name="chf-scenario1-jvp1"> </a><a name="hcchf-scenario1-jvp1"> </a><a name="chf-scenario1-jvp1-en-US"> </a><p><b>instantiatesCaseFeature</b>: <a href="StructureDefinition-chf-jvp.html">CHF Jugular Venous Pressure</a></p><p><b>caseFeatureType</b>: asserted</p><p><b>status</b>: Final</p><p><b>category</b>: <span title="Codes:{http://terminology.hl7.org/CodeSystem/observation-category vital-signs}">Vital Signs</span></p><p><b>code</b>: <span title="Codes:{http://hl7.org/fhir/uv/cpg/chf/CodeSystem/chf-codes jvp}, {http://hl7.org/fhir/uv/cpg/CodeSystem/chf-codes jvp}">Jugular venous pressure</span></p><p><b>subject</b>: <a href="Patient-chf-scenario1-patient.html">Patterson, Jeremy Male, DoB: 1949-03-17</a></p><p><b>encounter</b>: <a href="Encounter-chf-scenario1-encounter.html">Encounter: status = in-progress; class = inpatient encounter (ActCode#IMP); type = Inpatient stay 9 days; priority = High priority; period = 2019-01-31 05:03:00+0000 --&gt; (ongoing)</a></p><p><b>effective</b>: 2019-01-31 07:00:00+0000</p><p><b>issued</b>: 2019-01-31 07:00:00+0000</p><p><b>performer</b>: <a href="PractitionerRole-chf-scenario1-practitionerrole.html">PractitionerRole Specialist medical practitioner</a></p><p><b>value</b>: 9.1 cmH2O<span style="background: LightGoldenRodYellow"> (Details: UCUM  codecm[H2O] = 'cm[H2O]')</span></p></div>
  </text>
  <extension url="http://hl7.org/fhir/uv/cpg/StructureDefinition/cpg-instantiatesCaseFeature">
    <valueCanonical value="http://hl7.org/fhir/uv/cpg/chf/StructureDefinition/chf-jvp"/>
  </extension>
  <extension url="http://hl7.org/fhir/uv/cpg/StructureDefinition/cpg-caseFeatureType">
    <valueCode value="asserted"/>
  </extension>
  <status value="final"/>
  <category>
    <coding>
      <system value="http://terminology.hl7.org/CodeSystem/observation-category"/>
      <code value="vital-signs"/>
    </coding>
  </category>
  <code>
    <coding>
      <system value="http://hl7.org/fhir/uv/cpg/chf/CodeSystem/chf-codes"/>
      <code value="jvp"/>
    </coding>
    <coding>
      <system value="http://hl7.org/fhir/uv/cpg/CodeSystem/chf-codes"/>
      <code value="jvp"/>
    </coding>
  </code>
  <subject>
    <reference value="Patient/chf-scenario1-patient"/>
  </subject>
  <encounter>
    <reference value="Encounter/chf-scenario1-encounter"/>
  </encounter>
  <effectiveDateTime value="2019-01-31T07:00:00Z"/>
  <issued value="2019-01-31T07:00:00Z"/>
  <performer>
    <reference value="PractitionerRole/chf-scenario1-practitionerrole"/>
  </performer>
  <valueQuantity>
    <value value="9.1"/>
    <unit value="cmH2O"/>
    <system value="http://unitsofmeasure.org"/>
    <code value="cm[H2O]"/>
  </valueQuantity>
</Observation>