{"resourceType":"ActivityDefinition","id":"chf-bodyweight-change-ad","meta":{"profile":["http://hl7.org/fhir/uv/cpg/StructureDefinition/cpg-computableactivity"]},"extension":[{"url":"http://hl7.org/fhir/uv/cpg/StructureDefinition/cpg-knowledgeCapability","valueCode":"shareable"},{"url":"http://hl7.org/fhir/uv/cpg/StructureDefinition/cpg-knowledgeCapability","valueCode":"computable"},{"url":"http://hl7.org/fhir/uv/cpg/StructureDefinition/cpg-knowledgeCapability","valueCode":"publishable"},{"url":"http://hl7.org/fhir/uv/cpg/StructureDefinition/cpg-knowledgeRepresentationLevel","valueCode":"structured"}],"url":"http://hl7.org/fhir/uv/cpg/chf/ActivityDefinition/chf-bodyweight-change-ad","version":"1.0.0","name":"CHFBodyWeightChange","status":"active","experimental":true,"date":"2024-11-18T18:36:46+00:00","publisher":"HL7 International - Clinical Decision Support WG","contact":[{"name":"HL7 International - Clinical Decision Support WG","telecom":[{"system":"url","value":"http://www.hl7.org/Special/committees/dss/index.cfm"}]}],"description":"Record body weight change","jurisdiction":[{"coding":[{"system":"http://unstats.un.org/unsd/methods/m49/m49.htm","code":"001","display":"World"}]}],"kind":"Task","profile":"http://hl7.org/fhir/uv/cpg/StructureDefinition/cpg-recordinferencetask","code":{"coding":[{"system":"http://hl7.org/fhir/uv/cpg/CodeSystem/cpg-activity-type-cs","code":"record-inference","display":"Record an inference"}]},"doNotPerform":false,"dynamicValue":[{"path":"input.type","expression":{"language":"text/cql-expression","expression":"code"}},{"path":"input.value","expression":{"language":"text/cql-identifier","expression":"Body Weight Change","reference":"http://hl7.org/fhir/uv/cpg/chf/Library/CHF"}}]}