{"resourceType":"ActivityDefinition","id":"chf-lasix-po","meta":{"profile":["http://hl7.org/fhir/uv/cpg/StructureDefinition/cpg-computableactivity"]},"extension":[{"url":"http://hl7.org/fhir/uv/cpg/StructureDefinition/cpg-knowledgeCapability","valueCode":"shareable"},{"url":"http://hl7.org/fhir/uv/cpg/StructureDefinition/cpg-knowledgeCapability","valueCode":"computable"},{"url":"http://hl7.org/fhir/uv/cpg/StructureDefinition/cpg-knowledgeCapability","valueCode":"publishable"},{"url":"http://hl7.org/fhir/uv/cpg/StructureDefinition/cpg-knowledgeRepresentationLevel","valueCode":"structured"}],"url":"http://cqframework.cpg-example-chf/ActivityDefinition/chf-lasix-po","version":"1.0.0","name":"CHFLASIXPO","status":"active","experimental":true,"date":"2024-11-18T18:43:23+00:00","publisher":"HL7 International - Clinical Decision Support WG","contact":[{"name":"HL7 International - Clinical Decision Support WG","telecom":[{"system":"url","value":"http://www.hl7.org/Special/committees/dss/index.cfm"}]}],"description":"Activity definition to administer LASIX PO as part of a congestive heart failure pathway","jurisdiction":[{"coding":[{"system":"http://unstats.un.org/unsd/methods/m49/m49.htm","code":"001","display":"World"}]}],"kind":"MedicationRequest","profile":"http://hl7.org/fhir/uv/cpg/StructureDefinition/cpg-medicationrequest","code":{"coding":[{"system":"http://hl7.org/fhir/uv/cpg/CodeSystem/cpg-activity-type-cs","code":"order-medication","display":"Order a medication"}]},"intent":"proposal","priority":"routine","doNotPerform":false,"productCodeableConcept":{"coding":[{"system":"http://cqframework.cpg-example-chf/CodeSystem/chf-codes","code":"lasix-po","display":"LASIX PO"}]},"dosage":[{"sequence":1,"text":"40mg","timing":{"repeat":{"frequency":1,"period":1,"periodUnit":"d"}},"route":{"coding":[{"system":"http://snomed.info/sct","code":"26643006","display":"Oral Route (qualifier value)"}]},"doseAndRate":[{"type":{"coding":[{"system":"http://terminology.hl7.org/CodeSystem/dose-rate-type","code":"ordered","display":"Ordered"}]},"doseQuantity":{"value":40,"unit":"mg","system":"http://unitsofmeasure.org","code":"mg"}}]}]}