{"resourceType":"ActivityDefinition","id":"chf-report-bodyweight","meta":{"profile":["http://hl7.org/fhir/uv/cpg/StructureDefinition/cpg-computableactivity"]},"extension":[{"url":"http://hl7.org/fhir/uv/cpg/StructureDefinition/cpg-knowledgeCapability","valueCode":"shareable"},{"url":"http://hl7.org/fhir/uv/cpg/StructureDefinition/cpg-knowledgeCapability","valueCode":"computable"},{"url":"http://hl7.org/fhir/uv/cpg/StructureDefinition/cpg-knowledgeCapability","valueCode":"publishable"},{"url":"http://hl7.org/fhir/uv/cpg/StructureDefinition/cpg-knowledgeRepresentationLevel","valueCode":"structured"},{"url":"http://hl7.org/fhir/uv/cpg/StructureDefinition/cpg-reportWith","valueCanonical":"http://cqframework.cpg-example-chf/Measure/chf-bodyweight-measure"}],"url":"http://cqframework.cpg-example-chf/ActivityDefinition/chf-report-bodyweight","version":"1.0.0","name":"CHFReportBodyWeight","status":"active","experimental":true,"date":"2024-11-18T18:43:23+00:00","publisher":"HL7 International - Clinical Decision Support WG","contact":[{"name":"HL7 International - Clinical Decision Support WG","telecom":[{"system":"url","value":"http://www.hl7.org/Special/committees/dss/index.cfm"}]}],"description":"Record body weight metric","jurisdiction":[{"coding":[{"system":"http://unstats.un.org/unsd/methods/m49/m49.htm","code":"001","display":"World"}]}],"kind":"Task","profile":"http://hl7.org/fhir/uv/cpg/StructureDefinition/cpg-generatereporttask","code":{"coding":[{"system":"http://hl7.org/fhir/uv/cpg/CodeSystem/cpg-activity-type-cs","code":"generate-report","display":"Generate a metric or case report"}]},"doNotPerform":false,"dynamicValue":[{"path":"input.type","expression":{"language":"text/cql","expression":"code"}},{"path":"input.value","expression":{"language":"text/cql","expression":"extension('http://hl7.org/fhir/uv/cpg/StructureDefinition/cpg-reportWith').value"}}]}