{"resourceType":"GraphDefinition","id":"chf-caseplansummarydefinition","meta":{"profile":["http://hl7.org/fhir/uv/cpg/StructureDefinition/cpg-shareablegraphdefinition","http://hl7.org/fhir/uv/cpg/StructureDefinition/cpg-computablegraphdefinition","http://hl7.org/fhir/uv/cpg/StructureDefinition/cpg-caseplansummarydefinition"]},"extension":[{"url":"http://hl7.org/fhir/uv/cpg/StructureDefinition/cpg-knowledgeCapability","valueCode":"shareable"},{"url":"http://hl7.org/fhir/uv/cpg/StructureDefinition/cpg-knowledgeCapability","valueCode":"computable"},{"url":"http://hl7.org/fhir/uv/cpg/StructureDefinition/cpg-knowledgeCapability","valueCode":"publishable"},{"url":"http://hl7.org/fhir/uv/cpg/StructureDefinition/cpg-knowledgeRepresentationLevel","valueCode":"structured"},{"url":"http://hl7.org/fhir/uv/cpg/StructureDefinition/cpg-summaryDefinitionFor","valueCanonical":"http://cqframework.cpg-example-chf/PlanDefinition/chf-pathway"},{"url":"http://hl7.org/fhir/uv/cpg/StructureDefinition/cpg-copyright","valueMarkdown":"Copyright (c) 2019+ HL7 International"},{"url":"http://hl7.org/fhir/uv/cpg/StructureDefinition/cpg-topic","valueCodeableConcept":{"coding":[{"system":"http://snomed.info/sct","code":"42343007","display":"Congestive heart failure (disorder)"}],"text":"Congestive heart failure"}},{"url":"http://hl7.org/fhir/uv/cpg/StructureDefinition/cpg-author","valueContactDetail":{"name":"Matthew Burton, MD"}},{"url":"http://hl7.org/fhir/uv/cpg/StructureDefinition/cpg-editor","valueContactDetail":{"name":"Bryn Rhodes"}},{"url":"http://hl7.org/fhir/uv/cpg/StructureDefinition/cpg-reviewer","valueContactDetail":{"name":"Davide Sottara"}},{"url":"http://hl7.org/fhir/uv/cpg/StructureDefinition/cpg-endorser","valueContactDetail":{"name":"Example Quality Assurance Organization"}},{"url":"http://hl7.org/fhir/uv/cpg/StructureDefinition/cpg-copyright","valueMarkdown":"Copyright (c) 2019+ HL7 International"},{"url":"http://hl7.org/fhir/uv/cpg/StructureDefinition/cpg-relatedArtifact","valueRelatedArtifact":{"type":"citation","citation":"Representation primitives, process models and patient data in computer-interpretable clinical practice guidelines: A literature review of guideline representation models. Dongwen Wang, Mor Peleg, Samson W Tu, Aziz A Boxwala, Robert A Greenes, Vimla L Patel, Edward H Shortliffe. International Journal of Medical Informatics, Volume 68, Issues 1–3, 2002, Pages 59-70, ISSN 1386-5056, https://doi.org/10.1016/S1386-5056(02)00065-5."}},{"url":"http://hl7.org/fhir/uv/cpg/StructureDefinition/cpg-identifier","valueIdentifier":{"use":"official","system":"http://hl7.org/fhir/uv/cpg/chf/ImplementationGuide/hl7.fhir.uv.cpg.chf","value":"CHFCasePlanSummaryDefinition"}},{"url":"http://hl7.org/fhir/uv/cpg/StructureDefinition/cpg-title","valueString":"CHF Case Plan Summary Definition"}],"url":"http://cqframework.cpg-example-chf/GraphDefinition/chf-caseplansummarydefinition","version":"1.0.0","name":"CHFCasePlanSummaryDefinition","status":"active","experimental":true,"date":"2024-11-18T18:43:23+00:00","publisher":"HL7 International - Clinical Decision Support WG","contact":[{"name":"HL7 International - Clinical Decision Support WG","telecom":[{"system":"url","value":"http://www.hl7.org/Special/committees/dss/index.cfm"}]}],"description":"Definition of the case plan summary document for a congestive heart failure pathway","jurisdiction":[{"coding":[{"system":"http://unstats.un.org/unsd/methods/m49/m49.htm","code":"001","display":"World"}]}]}