{"resourceType":"Measure","id":"chf-bodyweight-measure","meta":{"profile":["http://hl7.org/fhir/uv/cpg/StructureDefinition/cpg-computablemetric"]},"extension":[{"url":"http://hl7.org/fhir/uv/cpg/StructureDefinition/cpg-knowledgeCapability","valueCode":"shareable"},{"url":"http://hl7.org/fhir/uv/cpg/StructureDefinition/cpg-knowledgeCapability","valueCode":"computable"},{"url":"http://hl7.org/fhir/uv/cpg/StructureDefinition/cpg-knowledgeCapability","valueCode":"publishable"},{"url":"http://hl7.org/fhir/uv/cpg/StructureDefinition/cpg-knowledgeRepresentationLevel","valueCode":"structured"}],"url":"http://hl7.org/fhir/uv/cpg/chf/Measure/chf-bodyweight-measure","version":"1.0.0","name":"CHFBodyWeight","title":"CHF Body Weight Metric","status":"active","experimental":true,"date":"2024-11-18T18:36:46+00:00","publisher":"HL7 International - Clinical Decision Support WG","contact":[{"name":"HL7 International - Clinical Decision Support WG","telecom":[{"system":"url","value":"http://www.hl7.org/Special/committees/dss/index.cfm"}]}],"description":"Body weight metric as a feature of a congestive heart failure pathway","jurisdiction":[{"coding":[{"system":"http://unstats.un.org/unsd/methods/m49/m49.htm","code":"001","display":"World"}]}],"library":["http://hl7.org/fhir/uv/cpg/chf/Library/CHF"],"scoring":{"coding":[{"system":"http://terminology.hl7.org/CodeSystem/measure-scoring","code":"continuous-variable"}]},"improvementNotation":{"coding":[{"system":"http://terminology.hl7.org/CodeSystem/measure-improvement-notation","code":"decrease"}]},"group":[{"population":[{"code":{"coding":[{"system":"http://terminology.hl7.org/CodeSystem/measure-population","code":"measure-observation"}]},"criteria":{"language":"text/cql-identifier","expression":"Current Body Weight"}}]}]}