{"resourceType":"PlanDefinition","id":"chf-hypervolemia","meta":{"profile":["http://hl7.org/fhir/uv/cpg/StructureDefinition/cpg-strategydefinition"]},"extension":[{"url":"http://hl7.org/fhir/uv/cpg/StructureDefinition/cpg-knowledgeCapability","valueCode":"shareable"},{"url":"http://hl7.org/fhir/uv/cpg/StructureDefinition/cpg-knowledgeCapability","valueCode":"computable"},{"url":"http://hl7.org/fhir/uv/cpg/StructureDefinition/cpg-knowledgeCapability","valueCode":"publishable"},{"url":"http://hl7.org/fhir/uv/cpg/StructureDefinition/cpg-knowledgeRepresentationLevel","valueCode":"structured"},{"url":"http://hl7.org/fhir/uv/cpg/StructureDefinition/cpg-partOf","valueCanonical":"http://cqframework.cpg-example-chf/PlanDefinition/chf-pathway"},{"url":"http://hl7.org/fhir/uv/cpg/StructureDefinition/cpg-enabled","valueBoolean":true}],"url":"http://cqframework.cpg-example-chf/PlanDefinition/chf-hypervolemia","version":"1.0.0","name":"CHFHypervolemia","type":{"coding":[{"system":"http://terminology.hl7.org/CodeSystem/plan-definition-type","code":"workflow-definition"}]},"status":"active","experimental":true,"date":"2024-11-18T18:43:23+00:00","publisher":"HL7 International - Clinical Decision Support WG","contact":[{"name":"HL7 International - Clinical Decision Support WG","telecom":[{"system":"url","value":"http://www.hl7.org/Special/committees/dss/index.cfm"}]}],"description":"Hypervolemia strategy as part of a care pathway for patients with admitting diagnosis of congestive heart failure","jurisdiction":[{"coding":[{"system":"http://unstats.un.org/unsd/methods/m49/m49.htm","code":"001","display":"World"}]}],"action":[{"title":"JVP","description":"Measure JVP daily","code":[{"coding":[{"system":"http://hl7.org/fhir/uv/cpg/CodeSystem/cpg-common-process-cs","code":"diagnostic-testing"}]}],"definitionCanonical":"http://cqframework.cpg-example-chf/PlanDefinition/chf-jvp-pd"},{"title":"O2 Sat","description":"Monitor O2 Sat","code":[{"coding":[{"system":"http://hl7.org/fhir/uv/cpg/CodeSystem/cpg-common-process-cs","code":"diagnostic-testing"}]}],"definitionCanonical":"http://cqframework.cpg-example-chf/PlanDefinition/chf-o2-sat-pd"},{"title":"Potassium","description":"Monitor Potassium","code":[{"coding":[{"system":"http://hl7.org/fhir/uv/cpg/CodeSystem/cpg-common-process-cs","code":"diagnostic-testing"}]}],"definitionCanonical":"http://cqframework.cpg-example-chf/PlanDefinition/chf-potassium-pd"},{"title":"Creatinine","description":"Monitor Creatinine","code":[{"coding":[{"system":"http://hl7.org/fhir/uv/cpg/CodeSystem/cpg-common-process-cs","code":"diagnostic-testing"}]}],"definitionCanonical":"http://cqframework.cpg-example-chf/PlanDefinition/chf-creatinine-pd"},{"title":"eGFR","description":"Monitor eGFR","code":[{"coding":[{"system":"http://hl7.org/fhir/uv/cpg/CodeSystem/cpg-common-process-cs","code":"diagnostic-testing"}]}],"definitionCanonical":"http://cqframework.cpg-example-chf/PlanDefinition/chf-egfr-pd"},{"title":"LASIX","description":"LASIX","code":[{"coding":[{"system":"http://hl7.org/fhir/uv/cpg/CodeSystem/cpg-common-process-cs","code":"guideline-based-care"}]}],"definitionCanonical":"http://cqframework.cpg-example-chf/PlanDefinition/chf-lasix"},{"title":"Cardiology Consultation","description":"Cardiology Consultation within 24 hours","code":[{"coding":[{"system":"http://hl7.org/fhir/uv/cpg/CodeSystem/cpg-common-process-cs","code":"guideline-based-care"}]}],"definitionCanonical":"http://cqframework.org/cpg-example-chf/PlanDefinition/chf-cardiology-consultation-pd"}]}