{"resourceType":"PlanDefinition","id":"chf-cardiology-consultation-pd","meta":{"profile":["http://hl7.org/fhir/uv/cpg/StructureDefinition/cpg-recommendationdefinition"]},"extension":[{"url":"http://hl7.org/fhir/uv/cpg/StructureDefinition/cpg-knowledgeCapability","valueCode":"shareable"},{"url":"http://hl7.org/fhir/uv/cpg/StructureDefinition/cpg-knowledgeCapability","valueCode":"computable"},{"url":"http://hl7.org/fhir/uv/cpg/StructureDefinition/cpg-knowledgeCapability","valueCode":"publishable"},{"url":"http://hl7.org/fhir/uv/cpg/StructureDefinition/cpg-knowledgeRepresentationLevel","valueCode":"structured"},{"url":"http://hl7.org/fhir/uv/cpg/StructureDefinition/cpg-partOf","valueCanonical":"http://hl7.org/fhir/uv/cpg/chf/PlanDefinition/chf-hypervolemia"},{"url":"http://hl7.org/fhir/uv/cpg/StructureDefinition/cpg-enabled","valueBoolean":true}],"url":"http://hl7.org/fhir/uv/cpg/chf/PlanDefinition/chf-cardiology-consultation-pd","version":"1.0.0","name":"CHFCardiologyConsultation","type":{"coding":[{"system":"http://terminology.hl7.org/CodeSystem/plan-definition-type","code":"eca-rule"}]},"status":"active","experimental":true,"date":"2024-11-18T18:36:46+00:00","publisher":"HL7 International - Clinical Decision Support WG","contact":[{"name":"HL7 International - Clinical Decision Support WG","telecom":[{"system":"url","value":"http://www.hl7.org/Special/committees/dss/index.cfm"}]}],"description":"Cardiology consultation within 24 hrs","jurisdiction":[{"coding":[{"system":"http://unstats.un.org/unsd/methods/m49/m49.htm","code":"001","display":"World"}]}],"goal":[{"description":{"text":"Cardiology Consultation within 24 hours"},"start":{"coding":[{"system":"http://snomed.info/sct","code":"32485007","display":"Admission to hospital"}]}}],"action":[{"id":"cardiology-consultation","title":"Cardiology Consultation","description":"Cardiology Consultation","code":[{"coding":[{"system":"http://hl7.org/fhir/uv/cpg/CodeSystem/cpg-common-process-cs","code":"guideline-based-care"}]}],"definitionCanonical":"http://hl7.org/fhir/uv/cpg/chf/ActivityDefinition/chf-cardiology-consultation"}]}