{"resourceType":"PlanDefinition","id":"chf-pathway","meta":{"profile":["http://hl7.org/fhir/uv/cpg/StructureDefinition/cpg-pathwaydefinition"]},"extension":[{"url":"http://hl7.org/fhir/uv/cpg/StructureDefinition/cpg-knowledgeCapability","valueCode":"shareable"},{"url":"http://hl7.org/fhir/uv/cpg/StructureDefinition/cpg-knowledgeCapability","valueCode":"computable"},{"url":"http://hl7.org/fhir/uv/cpg/StructureDefinition/cpg-knowledgeCapability","valueCode":"publishable"},{"url":"http://hl7.org/fhir/uv/cpg/StructureDefinition/cpg-knowledgeRepresentationLevel","valueCode":"structured"},{"url":"http://hl7.org/fhir/uv/cpg/StructureDefinition/cpg-enabled","valueBoolean":true}],"url":"http://cqframework.cpg-example-chf/PlanDefinition/chf-pathway","version":"1.0.0","name":"CHFPathway","type":{"coding":[{"system":"http://terminology.hl7.org/CodeSystem/plan-definition-type","code":"clinical-protocol"}]},"status":"active","experimental":true,"date":"2024-11-18T18:43:23+00:00","publisher":"HL7 International - Clinical Decision Support WG","contact":[{"name":"HL7 International - Clinical Decision Support WG","telecom":[{"system":"url","value":"http://www.hl7.org/Special/committees/dss/index.cfm"}]}],"description":"Treatment and management care pathway for patients with admitting diagnosis of congestive heart failure","jurisdiction":[{"coding":[{"system":"http://unstats.un.org/unsd/methods/m49/m49.htm","code":"001","display":"World"}]}],"action":[{"title":"CHF Daily Management","description":"Daily Management strategy for Congestive Heart Failure","code":[{"coding":[{"system":"http://hl7.org/fhir/uv/cpg/CodeSystem/cpg-common-process-cs","code":"guideline-based-care"}]}],"definitionCanonical":"http://cqframework.cpg-example-chf/PlanDefinition/chf-daily-management"},{"title":"CHF Hypervolemia","description":"Hypervolemia strategy for Congestive Heart Failure","code":[{"coding":[{"system":"http://hl7.org/fhir/uv/cpg/CodeSystem/cpg-common-process-cs","code":"guideline-based-care"}]}],"definitionCanonical":"http://cqframework.cpg-example-chf/PlanDefinition/chf-hypervolemia"}]}