{"resourceType":"PlanDefinition","id":"chf-lasix","meta":{"profile":["http://hl7.org/fhir/uv/cpg/StructureDefinition/cpg-recommendationdefinition"]},"extension":[{"url":"http://hl7.org/fhir/uv/cpg/StructureDefinition/cpg-knowledgeCapability","valueCode":"shareable"},{"url":"http://hl7.org/fhir/uv/cpg/StructureDefinition/cpg-knowledgeCapability","valueCode":"computable"},{"url":"http://hl7.org/fhir/uv/cpg/StructureDefinition/cpg-knowledgeCapability","valueCode":"publishable"},{"url":"http://hl7.org/fhir/uv/cpg/StructureDefinition/cpg-knowledgeRepresentationLevel","valueCode":"structured"},{"url":"http://hl7.org/fhir/uv/cpg/StructureDefinition/cpg-partOf","valueCanonical":"http://cqframework.cpg-example-chf/PlanDefinition/chf-hypervolemia"},{"url":"http://hl7.org/fhir/uv/cpg/StructureDefinition/cpg-enabled","valueBoolean":true}],"url":"http://cqframework.cpg-example-chf/PlanDefinition/chf-lasix","version":"1.0.0","name":"CHFLASIX","type":{"coding":[{"system":"http://terminology.hl7.org/CodeSystem/plan-definition-type","code":"eca-rule"}]},"status":"active","experimental":true,"date":"2024-11-18T18:43:23+00:00","publisher":"HL7 International - Clinical Decision Support WG","contact":[{"name":"HL7 International - Clinical Decision Support WG","telecom":[{"system":"url","value":"http://www.hl7.org/Special/committees/dss/index.cfm"}]}],"description":"Administer LASIX IV, transition to PO as appropriate","jurisdiction":[{"coding":[{"system":"http://unstats.un.org/unsd/methods/m49/m49.htm","code":"001","display":"World"}]}],"goal":[{"description":{"text":"Transition to LASIX PO"},"start":{"coding":[{"system":"http://snomed.info/sct","code":"32485007","display":"Admission to hospital"}]}}],"action":[{"id":"lasix-iv","title":"LASIX IV","description":"Administer LASIX IV","code":[{"coding":[{"system":"http://hl7.org/fhir/uv/cpg/CodeSystem/cpg-common-process-cs","code":"dispense-medications"}]}],"condition":[{"kind":"stop","expression":{"language":"text/cql-identifier","expression":"Should Stop LASIX IV"}}],"definitionCanonical":"http://cqframework.cpg-example-chf/ActivityDefinition/chf-lasix-iv"},{"id":"lasix-po","title":"LASIX PO","description":"Administer LASIX PO","code":[{"coding":[{"system":"http://hl7.org/fhir/uv/cpg/CodeSystem/cpg-common-process-cs","code":"dispense-medications"}]}],"condition":[{"kind":"start","expression":{"language":"text/cql-identifier","expression":"Should Start LASIX PO"}}],"definitionCanonical":"http://cqframework.cpg-example-chf/ActivityDefinition/chf-lasix-po"}]}