{"resourceType":"PlanDefinition","id":"chf-daily-management","meta":{"profile":["http://hl7.org/fhir/uv/cpg/StructureDefinition/cpg-strategydefinition"]},"extension":[{"url":"http://hl7.org/fhir/uv/cpg/StructureDefinition/cpg-knowledgeCapability","valueCode":"shareable"},{"url":"http://hl7.org/fhir/uv/cpg/StructureDefinition/cpg-knowledgeCapability","valueCode":"computable"},{"url":"http://hl7.org/fhir/uv/cpg/StructureDefinition/cpg-knowledgeCapability","valueCode":"publishable"},{"url":"http://hl7.org/fhir/uv/cpg/StructureDefinition/cpg-knowledgeRepresentationLevel","valueCode":"structured"},{"url":"http://hl7.org/fhir/uv/cpg/StructureDefinition/cpg-partOf","valueCanonical":"http://hl7.org/fhir/uv/cpg/chf/PlanDefinition/chf-pathway"},{"url":"http://hl7.org/fhir/uv/cpg/StructureDefinition/cpg-enabled","valueBoolean":true}],"url":"http://hl7.org/fhir/uv/cpg/chf/PlanDefinition/chf-daily-management","version":"1.0.0","name":"CHFDailyManagement","type":{"coding":[{"system":"http://terminology.hl7.org/CodeSystem/plan-definition-type","code":"workflow-definition"}]},"status":"active","experimental":true,"date":"2024-11-18T18:36:46+00:00","publisher":"HL7 International - Clinical Decision Support WG","contact":[{"name":"HL7 International - Clinical Decision Support WG","telecom":[{"system":"url","value":"http://www.hl7.org/Special/committees/dss/index.cfm"}]}],"description":"Daily management strategy as part of a care pathway for patients with admitting diagnosis of congestive heart failure","jurisdiction":[{"coding":[{"system":"http://unstats.un.org/unsd/methods/m49/m49.htm","code":"001","display":"World"}]}],"action":[{"title":"Weight","description":"Measure weight daily","code":[{"coding":[{"system":"http://hl7.org/fhir/uv/cpg/CodeSystem/cpg-common-process-cs","code":"diagnostic-testing"}]}],"definitionCanonical":"http://hl7.org/fhir/uv/cpg/chf/PlanDefinition/chf-bodyweight-pd"},{"title":"Weight Change","description":"Manage weight change","code":[{"coding":[{"system":"http://hl7.org/fhir/uv/cpg/CodeSystem/cpg-common-process-cs","code":"diagnostic-testing"}]}],"definitionCanonical":"http://hl7.org/fhir/uv/cpg/chf/PlanDefinition/chf-bodyweight-change-pd"},{"title":"Urine Output","description":"Measure urine output daily","code":[{"coding":[{"system":"http://hl7.org/fhir/uv/cpg/CodeSystem/cpg-common-process-cs","code":"diagnostic-testing"}]}],"definitionCanonical":"http://hl7.org/fhir/uv/cpg/chf/PlanDefinition/chf-urine-out-pd"},{"title":"Net I/Os","description":"Measure net intake/output daily","code":[{"coding":[{"system":"http://hl7.org/fhir/uv/cpg/CodeSystem/cpg-common-process-cs","code":"diagnostic-testing"}]}],"definitionCanonical":"http://hl7.org/fhir/uv/cpg/chf/PlanDefinition/chf-net-io-pd"}]}