{"resourceType":"PlanDefinition","id":"chf-bodyweight-pd","meta":{"profile":["http://hl7.org/fhir/uv/cpg/StructureDefinition/cpg-recommendationdefinition"]},"extension":[{"url":"http://hl7.org/fhir/uv/cpg/StructureDefinition/cpg-knowledgeCapability","valueCode":"shareable"},{"url":"http://hl7.org/fhir/uv/cpg/StructureDefinition/cpg-knowledgeCapability","valueCode":"computable"},{"url":"http://hl7.org/fhir/uv/cpg/StructureDefinition/cpg-knowledgeCapability","valueCode":"publishable"},{"url":"http://hl7.org/fhir/uv/cpg/StructureDefinition/cpg-knowledgeRepresentationLevel","valueCode":"structured"},{"url":"http://hl7.org/fhir/uv/cpg/StructureDefinition/cpg-partOf","valueCanonical":"http://hl7.org/fhir/uv/cpg/chf/PlanDefinition/chf-daily-management"},{"url":"http://hl7.org/fhir/uv/cpg/StructureDefinition/cpg-enabled","valueBoolean":true}],"url":"http://hl7.org/fhir/uv/cpg/chf/PlanDefinition/chf-bodyweight-pd","version":"1.0.0","name":"CHFBodyWeight","type":{"coding":[{"system":"http://terminology.hl7.org/CodeSystem/plan-definition-type","code":"eca-rule"}]},"status":"active","experimental":true,"date":"2024-11-18T18:36:46+00:00","publisher":"HL7 International - Clinical Decision Support WG","contact":[{"name":"HL7 International - Clinical Decision Support WG","telecom":[{"system":"url","value":"http://www.hl7.org/Special/committees/dss/index.cfm"}]}],"description":"Measure body weight daily","jurisdiction":[{"coding":[{"system":"http://unstats.un.org/unsd/methods/m49/m49.htm","code":"001","display":"World"}]}],"goal":[{"description":{"text":"Weight target"},"start":{"coding":[{"system":"http://snomed.info/sct","code":"32485007","display":"Admission to hospital"}]}}],"action":[{"id":"weight","title":"Weight","description":"Measure weight daily","code":[{"coding":[{"system":"http://hl7.org/fhir/uv/cpg/CodeSystem/cpg-common-process-cs","code":"diagnostic-testing"}]}],"trigger":[{"type":"periodic","timingTiming":{"repeat":{"frequency":1,"period":1,"periodUnit":"d"}}}],"definitionCanonical":"http://hl7.org/fhir/uv/cpg/chf/ActivityDefinition/chf-bodyweight-ad"},{"title":"Report Weight","description":"Report weight metric daily","code":[{"coding":[{"system":"http://hl7.org/fhir/uv/cpg/CodeSystem/cpg-common-process-cs","code":"diagnostic-testing"}]}],"relatedAction":[{"actionId":"weight","relationship":"after-end"}],"definitionCanonical":"http://hl7.org/fhir/uv/cpg/chf/ActivityDefinition/chf-report-bodyweight"}]}