{
  "resourceType" : "ActivityDefinition",
  "id" : "chf-lasix-iv",
  "meta" : {
    "profile" : ["http://hl7.org/fhir/uv/cpg/StructureDefinition/cpg-computableactivity"]
  },
  "text" : {
    "status" : "extensions",
    "div" : "<div xmlns=\"http://www.w3.org/1999/xhtml\"><p class=\"res-header-id\"><b>Generated Narrative: ActivityDefinition chf-lasix-iv</b></p><a name=\"chf-lasix-iv\"> </a><a name=\"hcchf-lasix-iv\"> </a><a name=\"chf-lasix-iv-en-US\"> </a><p><b>knowledgeCapability</b>: shareable</p><p><b>knowledgeCapability</b>: computable</p><p><b>knowledgeCapability</b>: publishable</p><p><b>knowledgeRepresentationLevel</b>: structured</p><p><b>url</b>: <a href=\"ActivityDefinition-chf-lasix-iv.html\">ActivityDefinition CHFLASIXIV</a></p><p><b>version</b>: 1.0.0</p><p><b>name</b>: CHFLASIXIV</p><p><b>status</b>: Active</p><p><b>experimental</b>: true</p><p><b>date</b>: 2024-11-18 18:36:46+0000</p><p><b>publisher</b>: HL7 International - Clinical Decision Support WG</p><p><b>contact</b>: HL7 International - Clinical Decision Support WG: <a href=\"http://www.hl7.org/Special/committees/dss/index.cfm\">http://www.hl7.org/Special/committees/dss/index.cfm</a></p><p><b>description</b>: </p><div><p>Activity definition to administer LASIX IV as part of a congestive heart failure pathway</p>\n</div><p><b>jurisdiction</b>: <span title=\"Codes:{http://unstats.un.org/unsd/methods/m49/m49.htm 001}\">World</span></p><p><b>kind</b>: MedicationRequest</p><p><b>profile</b>: <a href=\"http://hl7.org/fhir/uv/cpg/STU1/StructureDefinition-cpg-medicationrequest.html\">CPGMedicationRequest</a></p><p><b>code</b>: <span title=\"Codes:{http://hl7.org/fhir/uv/cpg/CodeSystem/cpg-activity-type-cs order-medication}\">Order a medication</span></p><p><b>intent</b>: Proposal</p><p><b>priority</b>: Routine</p><p><b>doNotPerform</b>: false</p><p><b>product</b>: <span title=\"Codes:{http://hl7.org/fhir/uv/cpg/chf/CodeSystem/chf-codes lasix-iv}\">LASIX IV</span></p><blockquote><p><b>dosage</b></p><p><b>sequence</b>: 1</p><p><b>text</b>: 40mg</p><p><b>timing</b>: Once per 1 days</p><p><b>route</b>: <span title=\"Codes:{http://snomed.info/sct 47625008}\">Intravenous Route (qualifier value)</span></p><h3>DoseAndRates</h3><table class=\"grid\"><tr><td style=\"display: none\">-</td><td><b>Type</b></td><td><b>Dose[x]</b></td></tr><tr><td style=\"display: none\">*</td><td><span title=\"Codes:{http://terminology.hl7.org/CodeSystem/dose-rate-type ordered}\">Ordered</span></td><td>40 mg<span style=\"background: LightGoldenRodYellow\"> (Details: UCUM  codemg = 'mg')</span></td></tr></table></blockquote></div>"
  },
  "extension" : [{
    "url" : "http://hl7.org/fhir/uv/cpg/StructureDefinition/cpg-knowledgeCapability",
    "valueCode" : "shareable"
  },
  {
    "url" : "http://hl7.org/fhir/uv/cpg/StructureDefinition/cpg-knowledgeCapability",
    "valueCode" : "computable"
  },
  {
    "url" : "http://hl7.org/fhir/uv/cpg/StructureDefinition/cpg-knowledgeCapability",
    "valueCode" : "publishable"
  },
  {
    "url" : "http://hl7.org/fhir/uv/cpg/StructureDefinition/cpg-knowledgeRepresentationLevel",
    "valueCode" : "structured"
  }],
  "url" : "http://hl7.org/fhir/uv/cpg/chf/ActivityDefinition/chf-lasix-iv",
  "version" : "1.0.0",
  "name" : "CHFLASIXIV",
  "status" : "active",
  "experimental" : true,
  "date" : "2024-11-18T18:36:46+00:00",
  "publisher" : "HL7 International - Clinical Decision Support WG",
  "contact" : [{
    "name" : "HL7 International - Clinical Decision Support WG",
    "telecom" : [{
      "system" : "url",
      "value" : "http://www.hl7.org/Special/committees/dss/index.cfm"
    }]
  }],
  "description" : "Activity definition to administer LASIX IV as part of a congestive heart failure pathway",
  "jurisdiction" : [{
    "coding" : [{
      "system" : "http://unstats.un.org/unsd/methods/m49/m49.htm",
      "code" : "001",
      "display" : "World"
    }]
  }],
  "kind" : "MedicationRequest",
  "profile" : "http://hl7.org/fhir/uv/cpg/StructureDefinition/cpg-medicationrequest",
  "code" : {
    "coding" : [{
      "system" : "http://hl7.org/fhir/uv/cpg/CodeSystem/cpg-activity-type-cs",
      "code" : "order-medication",
      "display" : "Order a medication"
    }]
  },
  "intent" : "proposal",
  "priority" : "routine",
  "doNotPerform" : false,
  "productCodeableConcept" : {
    "coding" : [{
      "system" : "http://hl7.org/fhir/uv/cpg/chf/CodeSystem/chf-codes",
      "code" : "lasix-iv",
      "display" : "LASIX IV"
    }]
  },
  "dosage" : [{
    "sequence" : 1,
    "text" : "40mg",
    "timing" : {
      "repeat" : {
        "frequency" : 1,
        "period" : 1,
        "periodUnit" : "d"
      }
    },
    "route" : {
      "coding" : [{
        "system" : "http://snomed.info/sct",
        "code" : "47625008",
        "display" : "Intravenous Route (qualifier value)"
      }]
    },
    "doseAndRate" : [{
      "type" : {
        "coding" : [{
          "system" : "http://terminology.hl7.org/CodeSystem/dose-rate-type",
          "code" : "ordered",
          "display" : "Ordered"
        }]
      },
      "doseQuantity" : {
        "value" : 40,
        "unit" : "mg",
        "system" : "http://unitsofmeasure.org",
        "code" : "mg"
      }
    }]
  }]
}