{
  "resourceType" : "ActivityDefinition",
  "id" : "chf-report-urine-out",
  "meta" : {
    "profile" : ["http://hl7.org/fhir/uv/cpg/StructureDefinition/cpg-computableactivity"]
  },
  "text" : {
    "status" : "extensions",
    "div" : "<div xmlns=\"http://www.w3.org/1999/xhtml\"><p class=\"res-header-id\"><b>Generated Narrative: ActivityDefinition chf-report-urine-out</b></p><a name=\"chf-report-urine-out\"> </a><a name=\"hcchf-report-urine-out\"> </a><a name=\"chf-report-urine-out-en-US\"> </a><p><b>knowledgeCapability</b>: shareable</p><p><b>knowledgeCapability</b>: computable</p><p><b>knowledgeCapability</b>: publishable</p><p><b>knowledgeRepresentationLevel</b>: structured</p><p><b>reportWith</b>: <a href=\"Measure-chf-urine-out-measure.html\">CHF Urine Out Metric</a></p><p><b>url</b>: <a href=\"ActivityDefinition-chf-report-urine-out.html\">ActivityDefinition CHFReportUrineOut</a></p><p><b>version</b>: 1.0.0</p><p><b>name</b>: CHFReportUrineOut</p><p><b>status</b>: Active</p><p><b>experimental</b>: true</p><p><b>date</b>: 2024-11-18 18:43:23+0000</p><p><b>publisher</b>: HL7 International - Clinical Decision Support WG</p><p><b>contact</b>: HL7 International - Clinical Decision Support WG: <a href=\"http://www.hl7.org/Special/committees/dss/index.cfm\">http://www.hl7.org/Special/committees/dss/index.cfm</a></p><p><b>description</b>: </p><div><p>Record urine output metric</p>\n</div><p><b>jurisdiction</b>: <span title=\"Codes:{http://unstats.un.org/unsd/methods/m49/m49.htm 001}\">World</span></p><p><b>kind</b>: Task</p><p><b>profile</b>: <a href=\"http://hl7.org/fhir/uv/cpg/STU1/StructureDefinition-cpg-generatereporttask.html\">CPGGenerateReportTask</a></p><p><b>code</b>: <span title=\"Codes:{http://hl7.org/fhir/uv/cpg/CodeSystem/cpg-activity-type-cs generate-report}\">Generate a metric or case report</span></p><p><b>doNotPerform</b>: false</p><blockquote><p><b>dynamicValue</b></p><p><b>path</b>: input.type</p><h3>Expressions</h3><table class=\"grid\"><tr><td style=\"display: none\">-</td><td><b>Language</b></td><td><b>Expression</b></td></tr><tr><td style=\"display: none\">*</td><td>CQL</td><td>code</td></tr></table></blockquote><blockquote><p><b>dynamicValue</b></p><p><b>path</b>: input.value</p><h3>Expressions</h3><table class=\"grid\"><tr><td style=\"display: none\">-</td><td><b>Language</b></td><td><b>Expression</b></td></tr><tr><td style=\"display: none\">*</td><td>CQL</td><td>extension('http://hl7.org/fhir/uv/cpg/StructureDefinition/cpg-reportWith').value</td></tr></table></blockquote></div>"
  },
  "extension" : [{
    "url" : "http://hl7.org/fhir/uv/cpg/StructureDefinition/cpg-knowledgeCapability",
    "valueCode" : "shareable"
  },
  {
    "url" : "http://hl7.org/fhir/uv/cpg/StructureDefinition/cpg-knowledgeCapability",
    "valueCode" : "computable"
  },
  {
    "url" : "http://hl7.org/fhir/uv/cpg/StructureDefinition/cpg-knowledgeCapability",
    "valueCode" : "publishable"
  },
  {
    "url" : "http://hl7.org/fhir/uv/cpg/StructureDefinition/cpg-knowledgeRepresentationLevel",
    "valueCode" : "structured"
  },
  {
    "url" : "http://hl7.org/fhir/uv/cpg/StructureDefinition/cpg-reportWith",
    "valueCanonical" : "http://cqframework.cpg-example-chf/Measure/chf-urine-out-measure"
  }],
  "url" : "http://cqframework.cpg-example-chf/ActivityDefinition/chf-report-urine-out",
  "version" : "1.0.0",
  "name" : "CHFReportUrineOut",
  "status" : "active",
  "experimental" : true,
  "date" : "2024-11-18T18:43:23+00:00",
  "publisher" : "HL7 International - Clinical Decision Support WG",
  "contact" : [{
    "name" : "HL7 International - Clinical Decision Support WG",
    "telecom" : [{
      "system" : "url",
      "value" : "http://www.hl7.org/Special/committees/dss/index.cfm"
    }]
  }],
  "description" : "Record urine output metric",
  "jurisdiction" : [{
    "coding" : [{
      "system" : "http://unstats.un.org/unsd/methods/m49/m49.htm",
      "code" : "001",
      "display" : "World"
    }]
  }],
  "kind" : "Task",
  "profile" : "http://hl7.org/fhir/uv/cpg/StructureDefinition/cpg-generatereporttask",
  "code" : {
    "coding" : [{
      "system" : "http://hl7.org/fhir/uv/cpg/CodeSystem/cpg-activity-type-cs",
      "code" : "generate-report",
      "display" : "Generate a metric or case report"
    }]
  },
  "doNotPerform" : false,
  "dynamicValue" : [{
    "path" : "input.type",
    "expression" : {
      "language" : "text/cql",
      "expression" : "code"
    }
  },
  {
    "path" : "input.value",
    "expression" : {
      "language" : "text/cql",
      "expression" : "extension('http://hl7.org/fhir/uv/cpg/StructureDefinition/cpg-reportWith').value"
    }
  }]
}