{
  "resourceType" : "Goal",
  "id" : "chf-scenario1-jvp-goal",
  "text" : {
    "status" : "extensions",
    "div" : "<div xmlns=\"http://www.w3.org/1999/xhtml\"><p class=\"res-header-id\"><b>Generated Narrative: Goal chf-scenario1-jvp-goal</b></p><a name=\"chf-scenario1-jvp-goal\"> </a><a name=\"hcchf-scenario1-jvp-goal\"> </a><a name=\"chf-scenario1-jvp-goal-en-US\"> </a><p><b>goalFor</b>: <a href=\"PlanDefinition-chf-jvp-pd.html\">CHFJVPPD</a></p><p><b>lifecycleStatus</b>: Active</p><p><b>achievementStatus</b>: <span title=\"Codes:{http://terminology.hl7.org/CodeSystem/goal-achievement improving}\">Improving</span></p><p><b>description</b>: <span title=\"Codes:\">Jugular venous pressure &lt; 8.0 cmH2O</span></p><p><b>subject</b>: <a href=\"Patient-chf-scenario1-patient.html\">Patterson, Jeremy Male, DoB: 1949-03-17</a></p><h3>Targets</h3><table class=\"grid\"><tr><td style=\"display: none\">-</td><td><b>Measure</b></td><td><b>Detail[x]</b></td></tr><tr><td style=\"display: none\">*</td><td><span title=\"Codes:{http://hl7.org/fhir/uv/cpg/CodeSystem/chf-codes jvp}\">Jugular venous pressure</span></td><td>&lt;8 cmH2O<span style=\"background: LightGoldenRodYellow\"> (Details: UCUM  codecm[H2O] = 'cm[H2O]')</span></td></tr></table></div>"
  },
  "extension" : [{
    "url" : "http://hl7.org/fhir/uv/cpg/StructureDefinition/cpg-goalFor",
    "valueCanonical" : "http://hl7.org/fhir/uv/cpg/chf/PlanDefinition/chf-jvp-pd"
  }],
  "lifecycleStatus" : "active",
  "achievementStatus" : {
    "coding" : [{
      "system" : "http://terminology.hl7.org/CodeSystem/goal-achievement",
      "code" : "improving"
    }]
  },
  "description" : {
    "text" : "Jugular venous pressure < 8.0 cmH2O"
  },
  "subject" : {
    "reference" : "Patient/chf-scenario1-patient"
  },
  "target" : [{
    "measure" : {
      "coding" : [{
        "system" : "http://hl7.org/fhir/uv/cpg/CodeSystem/chf-codes",
        "code" : "jvp"
      }]
    },
    "detailQuantity" : {
      "value" : 8,
      "comparator" : "<",
      "unit" : "cmH2O",
      "system" : "http://unitsofmeasure.org",
      "code" : "cm[H2O]"
    }
  }]
}