{
  "resourceType" : "Goal",
  "id" : "chf-scenario1-urine-out",
  "text" : {
    "status" : "extensions",
    "div" : "<div xmlns=\"http://www.w3.org/1999/xhtml\"><p class=\"res-header-id\"><b>Generated Narrative: Goal chf-scenario1-urine-out</b></p><a name=\"chf-scenario1-urine-out\"> </a><a name=\"hcchf-scenario1-urine-out\"> </a><a name=\"chf-scenario1-urine-out-en-US\"> </a><p><b>goalFor</b>: <a href=\"PlanDefinition-chf-urine-out-pd.html\">CHFUrineOut</a></p><p><b>lifecycleStatus</b>: Active</p><p><b>achievementStatus</b>: <span title=\"Codes:{http://terminology.hl7.org/CodeSystem/goal-achievement improving}\">Improving</span></p><p><b>description</b>: <span title=\"Codes:\">Urine output 3-5 L/day</span></p><p><b>subject</b>: <a href=\"Patient-chf-scenario1-patient.html\">Patterson, Jeremy Male, DoB: 1949-03-17</a></p><h3>Targets</h3><table class=\"grid\"><tr><td style=\"display: none\">-</td><td><b>Measure</b></td><td><b>Detail[x]</b></td></tr><tr><td style=\"display: none\">*</td><td><span title=\"Codes:{http://loinc.org 9192-6}\">Urine output 24 hour</span></td><td>3-5 L/day</td></tr></table></div>"
  },
  "extension" : [{
    "url" : "http://hl7.org/fhir/uv/cpg/StructureDefinition/cpg-goalFor",
    "valueCanonical" : "http://cqframework.cpg-example-chf/PlanDefinition/chf-urine-out-pd"
  }],
  "lifecycleStatus" : "active",
  "achievementStatus" : {
    "coding" : [{
      "system" : "http://terminology.hl7.org/CodeSystem/goal-achievement",
      "code" : "improving"
    }]
  },
  "description" : {
    "text" : "Urine output 3-5 L/day"
  },
  "subject" : {
    "reference" : "Patient/chf-scenario1-patient"
  },
  "target" : [{
    "measure" : {
      "coding" : [{
        "system" : "http://loinc.org",
        "code" : "9192-6"
      }]
    },
    "detailRange" : {
      "low" : {
        "value" : 3,
        "unit" : "L/day",
        "system" : "http://unitsofmeasure.org",
        "code" : "L/d"
      },
      "high" : {
        "value" : 5,
        "unit" : "L/day",
        "system" : "http://unitsofmeasure.org",
        "code" : "L/d"
      }
    }
  }]
}