{
  "resourceType" : "Goal",
  "id" : "chf-scenario1-creatinine",
  "text" : {
    "status" : "extensions",
    "div" : "<div xmlns=\"http://www.w3.org/1999/xhtml\"><p class=\"res-header-id\"><b>Generated Narrative: Goal chf-scenario1-creatinine</b></p><a name=\"chf-scenario1-creatinine\"> </a><a name=\"hcchf-scenario1-creatinine\"> </a><a name=\"chf-scenario1-creatinine-en-US\"> </a><p><b>goalFor</b>: <a href=\"PlanDefinition-chf-creatinine-pd.html\">CHFCreatininePD</a></p><p><b>lifecycleStatus</b>: Active</p><p><b>achievementStatus</b>: <span title=\"Codes:{http://terminology.hl7.org/CodeSystem/goal-achievement improving}\">Improving</span></p><p><b>description</b>: <span title=\"Codes:\">Creatinine &lt; 1.2 mg/dL</span></p><p><b>subject</b>: <a href=\"Patient-chf-scenario1-patient.html\">Patterson, Jeremy Male, DoB: 1949-03-17</a></p><h3>Targets</h3><table class=\"grid\"><tr><td style=\"display: none\">-</td><td><b>Measure</b></td><td><b>Detail[x]</b></td></tr><tr><td style=\"display: none\">*</td><td><span title=\"Codes:{http://loinc.org 39802-4}\">Creatinine in dialysis fluid/Creatinine in serum or plasma</span></td><td>&lt;1.2 mg/dL<span style=\"background: LightGoldenRodYellow\"> (Details: UCUM  codemg/dL = 'mg/dL')</span></td></tr></table></div>"
  },
  "extension" : [{
    "url" : "http://hl7.org/fhir/uv/cpg/StructureDefinition/cpg-goalFor",
    "valueCanonical" : "http://cqframework.cpg-example-chf/PlanDefinition/chf-creatinine-pd"
  }],
  "lifecycleStatus" : "active",
  "achievementStatus" : {
    "coding" : [{
      "system" : "http://terminology.hl7.org/CodeSystem/goal-achievement",
      "code" : "improving"
    }]
  },
  "description" : {
    "text" : "Creatinine < 1.2 mg/dL"
  },
  "subject" : {
    "reference" : "Patient/chf-scenario1-patient"
  },
  "target" : [{
    "measure" : {
      "coding" : [{
        "system" : "http://loinc.org",
        "code" : "39802-4"
      }]
    },
    "detailQuantity" : {
      "value" : 1.2,
      "comparator" : "<",
      "unit" : "mg/dL",
      "system" : "http://unitsofmeasure.org",
      "code" : "mg/dL"
    }
  }]
}