{
  "resourceType" : "Location",
  "id" : "chf-locationdefinition",
  "text" : {
    "status" : "generated",
    "div" : "<div xmlns=\"http://www.w3.org/1999/xhtml\"><p class=\"res-header-id\"><b>Generated Narrative: Location chf-locationdefinition</b></p><a name=\"chf-locationdefinition\"> </a><a name=\"hcchf-locationdefinition\"> </a><a name=\"chf-locationdefinition-en-US\"> </a><p><b>name</b>: Cardiovascular diagnostics or therapeutics unit</p><p><b>mode</b>: Kind</p><p><b>type</b>: <span title=\"Codes:{http://terminology.hl7.org/CodeSystem/v3-RoleCode CVDX}\">Cardiovascular diagnostics or therapeutics unit</span></p></div>"
  },
  "name" : "Cardiovascular diagnostics or therapeutics unit",
  "mode" : "kind",
  "type" : [{
    "coding" : [{
      "system" : "http://terminology.hl7.org/CodeSystem/v3-RoleCode",
      "code" : "CVDX",
      "display" : "Cardiovascular diagnostics or therapeutics unit"
    }]
  }]
}