{
  "resourceType" : "Measure",
  "id" : "chf-bodyweight-measure",
  "meta" : {
    "profile" : ["http://hl7.org/fhir/uv/cpg/StructureDefinition/cpg-computablemetric"]
  },
  "text" : {
    "status" : "extensions",
    "div" : "<div xmlns=\"http://www.w3.org/1999/xhtml\"><p class=\"res-header-id\"><b>Generated Narrative: Measure chf-bodyweight-measure</b></p><a name=\"chf-bodyweight-measure\"> </a><a name=\"hcchf-bodyweight-measure\"> </a><a name=\"chf-bodyweight-measure-en-US\"> </a><p><b>knowledgeCapability</b>: shareable</p><p><b>knowledgeCapability</b>: computable</p><p><b>knowledgeCapability</b>: publishable</p><p><b>knowledgeRepresentationLevel</b>: structured</p><p><b>url</b>: <a href=\"Measure-chf-bodyweight-measure.html\">Measure CHF Body Weight Metric</a></p><p><b>version</b>: 1.0.0</p><p><b>name</b>: CHFBodyWeight</p><p><b>title</b>: CHF Body Weight Metric</p><p><b>status</b>: Active</p><p><b>experimental</b>: true</p><p><b>date</b>: 2024-11-18 18:43:23+0000</p><p><b>publisher</b>: HL7 International - Clinical Decision Support WG</p><p><b>contact</b>: HL7 International - Clinical Decision Support WG: <a href=\"http://www.hl7.org/Special/committees/dss/index.cfm\">http://www.hl7.org/Special/committees/dss/index.cfm</a></p><p><b>description</b>: </p><div><p>Body weight metric as a feature of a congestive heart failure pathway</p>\n</div><p><b>jurisdiction</b>: <span title=\"Codes:{http://unstats.un.org/unsd/methods/m49/m49.htm 001}\">World</span></p><p><b>library</b>: <a href=\"Library-CHF.html\">CHF</a></p><p><b>scoring</b>: <span title=\"Codes:{http://terminology.hl7.org/CodeSystem/measure-scoring continuous-variable}\">Continuous Variable</span></p><p><b>improvementNotation</b>: <span title=\"Codes:{http://terminology.hl7.org/CodeSystem/measure-improvement-notation decrease}\">Decreased score indicates improvement</span></p><blockquote><p><b>group</b></p><blockquote><p><b>population</b></p><p><b>code</b>: <span title=\"Codes:{http://terminology.hl7.org/CodeSystem/measure-population measure-observation}\">Measure Observation</span></p><h3>Criteria</h3><table class=\"grid\"><tr><td style=\"display: none\">-</td><td><b>Language</b></td><td><b>Expression</b></td></tr><tr><td style=\"display: none\">*</td><td>text/cql-identifier</td><td>Current Body Weight</td></tr></table></blockquote></blockquote></div>"
  },
  "extension" : [{
    "url" : "http://hl7.org/fhir/uv/cpg/StructureDefinition/cpg-knowledgeCapability",
    "valueCode" : "shareable"
  },
  {
    "url" : "http://hl7.org/fhir/uv/cpg/StructureDefinition/cpg-knowledgeCapability",
    "valueCode" : "computable"
  },
  {
    "url" : "http://hl7.org/fhir/uv/cpg/StructureDefinition/cpg-knowledgeCapability",
    "valueCode" : "publishable"
  },
  {
    "url" : "http://hl7.org/fhir/uv/cpg/StructureDefinition/cpg-knowledgeRepresentationLevel",
    "valueCode" : "structured"
  }],
  "url" : "http://cqframework.cpg-example-chf/Measure/chf-bodyweight-measure",
  "version" : "1.0.0",
  "name" : "CHFBodyWeight",
  "title" : "CHF Body Weight Metric",
  "status" : "active",
  "experimental" : true,
  "date" : "2024-11-18T18:43:23+00:00",
  "publisher" : "HL7 International - Clinical Decision Support WG",
  "contact" : [{
    "name" : "HL7 International - Clinical Decision Support WG",
    "telecom" : [{
      "system" : "url",
      "value" : "http://www.hl7.org/Special/committees/dss/index.cfm"
    }]
  }],
  "description" : "Body weight metric as a feature of a congestive heart failure pathway",
  "jurisdiction" : [{
    "coding" : [{
      "system" : "http://unstats.un.org/unsd/methods/m49/m49.htm",
      "code" : "001",
      "display" : "World"
    }]
  }],
  "library" : ["http://cqframework.cpg-example-chf/Library/CHF"],
  "scoring" : {
    "coding" : [{
      "system" : "http://terminology.hl7.org/CodeSystem/measure-scoring",
      "code" : "continuous-variable"
    }]
  },
  "improvementNotation" : {
    "coding" : [{
      "system" : "http://terminology.hl7.org/CodeSystem/measure-improvement-notation",
      "code" : "decrease"
    }]
  },
  "group" : [{
    "population" : [{
      "code" : {
        "coding" : [{
          "system" : "http://terminology.hl7.org/CodeSystem/measure-population",
          "code" : "measure-observation"
        }]
      },
      "criteria" : {
        "language" : "text/cql-identifier",
        "expression" : "Current Body Weight"
      }
    }]
  }]
}