{
  "resourceType" : "Observation",
  "id" : "chf-scenario1-netio3",
  "meta" : {
    "profile" : ["http://hl7.org/fhir/uv/cpg/chf/StructureDefinition/chf-net-io"]
  },
  "text" : {
    "status" : "extensions",
    "div" : "<div xmlns=\"http://www.w3.org/1999/xhtml\"><p class=\"res-header-id\"><b>Generated Narrative: Observation chf-scenario1-netio3</b></p><a name=\"chf-scenario1-netio3\"> </a><a name=\"hcchf-scenario1-netio3\"> </a><a name=\"chf-scenario1-netio3-en-US\"> </a><p><b>instantiatesCaseFeature</b>: <a href=\"StructureDefinition-chf-net-io.html\">CHF Net Intake/Output</a></p><p><b>caseFeatureType</b>: asserted</p><p><b>status</b>: Final</p><p><b>category</b>: <span title=\"Codes:{http://terminology.hl7.org/CodeSystem/observation-category vital-signs}\">Vital Signs</span></p><p><b>code</b>: <span title=\"Codes:{http://hl7.org/fhir/uv/cpg/chf/CodeSystem/chf-codes net-intake-output}, {http://hl7.org/fhir/uv/cpg/CodeSystem/chf-codes net-intake-output}\">Net intake/output</span></p><p><b>subject</b>: <a href=\"Patient-chf-scenario1-patient.html\">Patterson, Jeremy Male, DoB: 1949-03-17</a></p><p><b>encounter</b>: <a href=\"Encounter-chf-scenario1-encounter.html\">Encounter: status = in-progress; class = inpatient encounter (ActCode#IMP); type = Inpatient stay 9 days; priority = High priority; period = 2019-01-31 05:03:00+0000 --&gt; (ongoing)</a></p><p><b>effective</b>: 2019-02-02 07:00:00+0000 --&gt; 2019-02-03 07:00:00+0000</p><p><b>issued</b>: 2019-02-03 07:00:00+0000</p><p><b>performer</b>: <a href=\"PractitionerRole-chf-scenario1-practitionerrole.html\">PractitionerRole Specialist medical practitioner</a></p><p><b>value</b>: -2.1 L/day<span style=\"background: LightGoldenRodYellow\"> (Details: UCUM  codeL/d = 'L/d')</span></p></div>"
  },
  "extension" : [{
    "url" : "http://hl7.org/fhir/uv/cpg/StructureDefinition/cpg-instantiatesCaseFeature",
    "valueCanonical" : "http://hl7.org/fhir/uv/cpg/chf/StructureDefinition/chf-net-io"
  },
  {
    "url" : "http://hl7.org/fhir/uv/cpg/StructureDefinition/cpg-caseFeatureType",
    "valueCode" : "asserted"
  }],
  "status" : "final",
  "category" : [{
    "coding" : [{
      "system" : "http://terminology.hl7.org/CodeSystem/observation-category",
      "code" : "vital-signs"
    }]
  }],
  "code" : {
    "coding" : [{
      "system" : "http://hl7.org/fhir/uv/cpg/chf/CodeSystem/chf-codes",
      "code" : "net-intake-output"
    },
    {
      "system" : "http://hl7.org/fhir/uv/cpg/CodeSystem/chf-codes",
      "code" : "net-intake-output"
    }]
  },
  "subject" : {
    "reference" : "Patient/chf-scenario1-patient"
  },
  "encounter" : {
    "reference" : "Encounter/chf-scenario1-encounter"
  },
  "effectivePeriod" : {
    "start" : "2019-02-02T07:00:00Z",
    "end" : "2019-02-03T07:00:00Z"
  },
  "issued" : "2019-02-03T07:00:00Z",
  "performer" : [{
    "reference" : "PractitionerRole/chf-scenario1-practitionerrole"
  }],
  "valueQuantity" : {
    "value" : -2.1,
    "unit" : "L/day",
    "system" : "http://unitsofmeasure.org",
    "code" : "L/d"
  }
}