{
  "resourceType" : "Observation",
  "id" : "chf-scenario1-jvp5",
  "meta" : {
    "profile" : ["http://hl7.org/fhir/uv/cpg/chf/StructureDefinition/chf-jvp"]
  },
  "text" : {
    "status" : "extensions",
    "div" : "<div xmlns=\"http://www.w3.org/1999/xhtml\"><p class=\"res-header-id\"><b>Generated Narrative: Observation chf-scenario1-jvp5</b></p><a name=\"chf-scenario1-jvp5\"> </a><a name=\"hcchf-scenario1-jvp5\"> </a><a name=\"chf-scenario1-jvp5-en-US\"> </a><p><b>instantiatesCaseFeature</b>: <a href=\"StructureDefinition-chf-jvp.html\">CHF Jugular Venous Pressure</a></p><p><b>caseFeatureType</b>: asserted</p><p><b>caseFeaturePertinence</b>: strongly-positive</p><p><b>pertinent</b>: <a href=\"Observation-chf-scenario1-jvp4.html\">Observation Jugular venous pressure</a></p><p><b>pertinent</b>: <a href=\"Observation-chf-scenario1-bodyweight4-observation.html\">Observation Body weight</a></p><p><b>pertinent</b>: <a href=\"Observation-chf-scenario1-urineout3-observation.html\">Observation Urine output 24 hour</a></p><p><b>basedOn</b>: <a href=\"ServiceRequest-chf-scenario1-jvp.html\">ServiceRequest Measure jugular venous pressure</a></p><p><b>status</b>: Final</p><p><b>category</b>: <span title=\"Codes:{http://terminology.hl7.org/CodeSystem/observation-category vital-signs}\">Vital Signs</span></p><p><b>code</b>: <span title=\"Codes:{http://hl7.org/fhir/uv/cpg/chf/CodeSystem/chf-codes jvp}, {http://hl7.org/fhir/uv/cpg/CodeSystem/chf-codes jvp}\">Jugular venous pressure</span></p><p><b>subject</b>: <a href=\"Patient-chf-scenario1-patient.html\">Patterson, Jeremy Male, DoB: 1949-03-17</a></p><p><b>encounter</b>: <a href=\"Encounter-chf-scenario1-encounter.html\">Encounter: status = in-progress; class = inpatient encounter (ActCode#IMP); type = Inpatient stay 9 days; priority = High priority; period = 2019-01-31 05:03:00+0000 --&gt; (ongoing)</a></p><p><b>effective</b>: 2019-02-03 07:00:00+0000</p><p><b>issued</b>: 2019-02-03 07:00:00+0000</p><p><b>performer</b>: <a href=\"PractitionerRole-chf-scenario1-practitionerrole.html\">PractitionerRole Specialist medical practitioner</a></p><p><b>value</b>: 7.9 cmH2O<span style=\"background: LightGoldenRodYellow\"> (Details: UCUM  codecm[H2O] = 'cm[H2O]')</span></p></div>"
  },
  "extension" : [{
    "url" : "http://hl7.org/fhir/uv/cpg/StructureDefinition/cpg-instantiatesCaseFeature",
    "valueCanonical" : "http://hl7.org/fhir/uv/cpg/chf/StructureDefinition/chf-jvp"
  },
  {
    "url" : "http://hl7.org/fhir/uv/cpg/StructureDefinition/cpg-caseFeatureType",
    "valueCode" : "asserted"
  },
  {
    "url" : "http://hl7.org/fhir/uv/cpg/StructureDefinition/cpg-caseFeaturePertinence",
    "valueCode" : "strongly-positive"
  },
  {
    "url" : "http://hl7.org/fhir/uv/cpg/StructureDefinition/cpg-pertinent",
    "valueReference" : {
      "reference" : "Observation/chf-scenario1-jvp4"
    }
  },
  {
    "url" : "http://hl7.org/fhir/uv/cpg/StructureDefinition/cpg-pertinent",
    "valueReference" : {
      "reference" : "Observation/chf-scenario1-bodyweight4-observation"
    }
  },
  {
    "url" : "http://hl7.org/fhir/uv/cpg/StructureDefinition/cpg-pertinent",
    "valueReference" : {
      "reference" : "Observation/chf-scenario1-urineout3-observation"
    }
  }],
  "basedOn" : [{
    "reference" : "ServiceRequest/chf-scenario1-jvp"
  }],
  "status" : "final",
  "category" : [{
    "coding" : [{
      "system" : "http://terminology.hl7.org/CodeSystem/observation-category",
      "code" : "vital-signs"
    }]
  }],
  "code" : {
    "coding" : [{
      "system" : "http://hl7.org/fhir/uv/cpg/chf/CodeSystem/chf-codes",
      "code" : "jvp"
    },
    {
      "system" : "http://hl7.org/fhir/uv/cpg/CodeSystem/chf-codes",
      "code" : "jvp"
    }]
  },
  "subject" : {
    "reference" : "Patient/chf-scenario1-patient"
  },
  "encounter" : {
    "reference" : "Encounter/chf-scenario1-encounter"
  },
  "effectiveDateTime" : "2019-02-03T07:00:00Z",
  "issued" : "2019-02-03T07:00:00Z",
  "performer" : [{
    "reference" : "PractitionerRole/chf-scenario1-practitionerrole"
  }],
  "valueQuantity" : {
    "value" : 7.9,
    "unit" : "cmH2O",
    "system" : "http://unitsofmeasure.org",
    "code" : "cm[H2O]"
  }
}