{
  "resourceType" : "Observation",
  "id" : "chf-scenario1-bodyweight2-observation",
  "meta" : {
    "profile" : ["http://hl7.org/fhir/uv/cpg/chf/StructureDefinition/chf-bodyweight"]
  },
  "text" : {
    "status" : "extensions",
    "div" : "<div xmlns=\"http://www.w3.org/1999/xhtml\"><p class=\"res-header-id\"><b>Generated Narrative: Observation chf-scenario1-bodyweight2-observation</b></p><a name=\"chf-scenario1-bodyweight2-observation\"> </a><a name=\"hcchf-scenario1-bodyweight2-observation\"> </a><a name=\"chf-scenario1-bodyweight2-observation-en-US\"> </a><p><b>instantiatesCaseFeature</b>: <a href=\"StructureDefinition-chf-bodyweight.html\">CHF Body Weight</a></p><p><b>caseFeatureType</b>: asserted</p><p><b>status</b>: Final</p><p><b>category</b>: <span title=\"Codes:{http://terminology.hl7.org/CodeSystem/observation-category vital-signs}\">Vital Signs</span></p><p><b>code</b>: <span title=\"Codes:{http://loinc.org 29463-7}\">Body weight</span></p><p><b>subject</b>: <a href=\"Patient-chf-scenario1-patient.html\">Patterson, Jeremy Male, DoB: 1949-03-17</a></p><p><b>encounter</b>: <a href=\"Encounter-chf-scenario1-encounter.html\">Encounter: status = in-progress; class = inpatient encounter (ActCode#IMP); type = Inpatient stay 9 days; priority = High priority; period = 2019-01-31 05:03:00+0000 --&gt; (ongoing)</a></p><p><b>effective</b>: 2019-02-01 07:00:00+0000</p><p><b>issued</b>: 2019-02-01 07:00:00+0000</p><p><b>performer</b>: <a href=\"PractitionerRole-chf-scenario1-practitionerrole.html\">PractitionerRole Specialist medical practitioner</a></p><p><b>value</b>: 95.4 kg<span style=\"background: LightGoldenRodYellow\"> (Details: UCUM  codekg = 'kg')</span></p></div>"
  },
  "extension" : [{
    "url" : "http://hl7.org/fhir/uv/cpg/StructureDefinition/cpg-instantiatesCaseFeature",
    "valueCanonical" : "http://hl7.org/fhir/uv/cpg/chf/StructureDefinition/chf-bodyweight"
  },
  {
    "url" : "http://hl7.org/fhir/uv/cpg/StructureDefinition/cpg-caseFeatureType",
    "valueCode" : "asserted"
  }],
  "status" : "final",
  "category" : [{
    "coding" : [{
      "system" : "http://terminology.hl7.org/CodeSystem/observation-category",
      "code" : "vital-signs"
    }]
  }],
  "code" : {
    "coding" : [{
      "system" : "http://loinc.org",
      "code" : "29463-7"
    }]
  },
  "subject" : {
    "reference" : "Patient/chf-scenario1-patient"
  },
  "encounter" : {
    "reference" : "Encounter/chf-scenario1-encounter"
  },
  "effectiveDateTime" : "2019-02-01T07:00:00Z",
  "issued" : "2019-02-01T07:00:00Z",
  "performer" : [{
    "reference" : "PractitionerRole/chf-scenario1-practitionerrole"
  }],
  "valueQuantity" : {
    "value" : 95.4,
    "unit" : "kg",
    "system" : "http://unitsofmeasure.org",
    "code" : "kg"
  }
}