{
  "resourceType" : "PlanDefinition",
  "id" : "chf-jvp-pd",
  "meta" : {
    "profile" : ["http://hl7.org/fhir/uv/cpg/StructureDefinition/cpg-recommendationdefinition"]
  },
  "text" : {
    "status" : "extensions",
    "div" : "<div xmlns=\"http://www.w3.org/1999/xhtml\"><p class=\"res-header-id\"><b>Generated Narrative: PlanDefinition chf-jvp-pd</b></p><a name=\"chf-jvp-pd\"> </a><a name=\"hcchf-jvp-pd\"> </a><a name=\"chf-jvp-pd-en-US\"> </a><p><b>knowledgeCapability</b>: shareable</p><p><b>knowledgeCapability</b>: computable</p><p><b>knowledgeCapability</b>: publishable</p><p><b>knowledgeRepresentationLevel</b>: structured</p><p><b>partOf</b>: <a href=\"PlanDefinition-chf-hypervolemia.html\">CHFHypervolemia</a></p><p><b>enabled</b>: true</p><p><b>url</b>: <a href=\"PlanDefinition-chf-jvp-pd.html\">PlanDefinition CHFJVPPD</a></p><p><b>version</b>: 1.0.0</p><p><b>name</b>: CHFJVPPD</p><p><b>type</b>: <span title=\"Codes:{http://terminology.hl7.org/CodeSystem/plan-definition-type eca-rule}\">ECA Rule</span></p><p><b>status</b>: Active</p><p><b>experimental</b>: true</p><p><b>date</b>: 2024-11-18 18:36:46+0000</p><p><b>publisher</b>: HL7 International - Clinical Decision Support WG</p><p><b>contact</b>: HL7 International - Clinical Decision Support WG: <a href=\"http://www.hl7.org/Special/committees/dss/index.cfm\">http://www.hl7.org/Special/committees/dss/index.cfm</a></p><p><b>description</b>: </p><div><p>Measure jugular venous pressure</p>\n</div><p><b>jurisdiction</b>: <span title=\"Codes:{http://unstats.un.org/unsd/methods/m49/m49.htm 001}\">World</span></p><h3>Goals</h3><table class=\"grid\"><tr><td style=\"display: none\">-</td><td><b>Description</b></td><td><b>Start</b></td></tr><tr><td style=\"display: none\">*</td><td><span title=\"Codes:\">JVP target</span></td><td><span title=\"Codes:{http://snomed.info/sct 32485007}\">Admission to hospital</span></td></tr></table><blockquote><p><b>action</b></p><blockquote><p><b>id</b></p>jvp</blockquote><p><b>title</b>: JVP</p><p><b>description</b>: Measure JVP daily</p><p><b>code</b>: <span title=\"Codes:{http://hl7.org/fhir/uv/cpg/CodeSystem/cpg-common-process-cs diagnostic-testing}\">diagnostic-testing</span></p><h3>Triggers</h3><table class=\"grid\"><tr><td style=\"display: none\">-</td><td><b>Type</b></td><td><b>Timing[x]</b></td></tr><tr><td style=\"display: none\">*</td><td>Periodic</td><td>Once per 1 days</td></tr></table><p><b>definition</b>: <a href=\"ActivityDefinition-chf-jvp-ad.html\">CHFJVP</a></p></blockquote></div>"
  },
  "extension" : [{
    "url" : "http://hl7.org/fhir/uv/cpg/StructureDefinition/cpg-knowledgeCapability",
    "valueCode" : "shareable"
  },
  {
    "url" : "http://hl7.org/fhir/uv/cpg/StructureDefinition/cpg-knowledgeCapability",
    "valueCode" : "computable"
  },
  {
    "url" : "http://hl7.org/fhir/uv/cpg/StructureDefinition/cpg-knowledgeCapability",
    "valueCode" : "publishable"
  },
  {
    "url" : "http://hl7.org/fhir/uv/cpg/StructureDefinition/cpg-knowledgeRepresentationLevel",
    "valueCode" : "structured"
  },
  {
    "url" : "http://hl7.org/fhir/uv/cpg/StructureDefinition/cpg-partOf",
    "valueCanonical" : "http://hl7.org/fhir/uv/cpg/chf/PlanDefinition/chf-hypervolemia"
  },
  {
    "url" : "http://hl7.org/fhir/uv/cpg/StructureDefinition/cpg-enabled",
    "valueBoolean" : true
  }],
  "url" : "http://hl7.org/fhir/uv/cpg/chf/PlanDefinition/chf-jvp-pd",
  "version" : "1.0.0",
  "name" : "CHFJVPPD",
  "type" : {
    "coding" : [{
      "system" : "http://terminology.hl7.org/CodeSystem/plan-definition-type",
      "code" : "eca-rule"
    }]
  },
  "status" : "active",
  "experimental" : true,
  "date" : "2024-11-18T18:36:46+00:00",
  "publisher" : "HL7 International - Clinical Decision Support WG",
  "contact" : [{
    "name" : "HL7 International - Clinical Decision Support WG",
    "telecom" : [{
      "system" : "url",
      "value" : "http://www.hl7.org/Special/committees/dss/index.cfm"
    }]
  }],
  "description" : "Measure jugular venous pressure",
  "jurisdiction" : [{
    "coding" : [{
      "system" : "http://unstats.un.org/unsd/methods/m49/m49.htm",
      "code" : "001",
      "display" : "World"
    }]
  }],
  "goal" : [{
    "description" : {
      "text" : "JVP target"
    },
    "start" : {
      "coding" : [{
        "system" : "http://snomed.info/sct",
        "code" : "32485007",
        "display" : "Admission to hospital"
      }]
    }
  }],
  "action" : [{
    "id" : "jvp",
    "title" : "JVP",
    "description" : "Measure JVP daily",
    "code" : [{
      "coding" : [{
        "system" : "http://hl7.org/fhir/uv/cpg/CodeSystem/cpg-common-process-cs",
        "code" : "diagnostic-testing"
      }]
    }],
    "trigger" : [{
      "type" : "periodic",
      "timingTiming" : {
        "repeat" : {
          "frequency" : 1,
          "period" : 1,
          "periodUnit" : "d"
        }
      }
    }],
    "definitionCanonical" : "http://hl7.org/fhir/uv/cpg/chf/ActivityDefinition/chf-jvp-ad"
  }]
}