{
  "resourceType" : "PlanDefinition",
  "id" : "chf-hypervolemia",
  "meta" : {
    "profile" : ["http://hl7.org/fhir/uv/cpg/StructureDefinition/cpg-strategydefinition"]
  },
  "text" : {
    "status" : "extensions",
    "div" : "<div xmlns=\"http://www.w3.org/1999/xhtml\"><p class=\"res-header-id\"><b>Generated Narrative: PlanDefinition chf-hypervolemia</b></p><a name=\"chf-hypervolemia\"> </a><a name=\"hcchf-hypervolemia\"> </a><a name=\"chf-hypervolemia-en-US\"> </a><p><b>knowledgeCapability</b>: shareable</p><p><b>knowledgeCapability</b>: computable</p><p><b>knowledgeCapability</b>: publishable</p><p><b>knowledgeRepresentationLevel</b>: structured</p><p><b>partOf</b>: <a href=\"PlanDefinition-chf-pathway.html\">CHFPathway</a></p><p><b>enabled</b>: true</p><p><b>url</b>: <a href=\"PlanDefinition-chf-hypervolemia.html\">PlanDefinition CHFHypervolemia</a></p><p><b>version</b>: 1.0.0</p><p><b>name</b>: CHFHypervolemia</p><p><b>type</b>: <span title=\"Codes:{http://terminology.hl7.org/CodeSystem/plan-definition-type workflow-definition}\">Workflow Definition</span></p><p><b>status</b>: Active</p><p><b>experimental</b>: true</p><p><b>date</b>: 2024-11-18 18:43:23+0000</p><p><b>publisher</b>: HL7 International - Clinical Decision Support WG</p><p><b>contact</b>: HL7 International - Clinical Decision Support WG: <a href=\"http://www.hl7.org/Special/committees/dss/index.cfm\">http://www.hl7.org/Special/committees/dss/index.cfm</a></p><p><b>description</b>: </p><div><p>Hypervolemia strategy as part of a care pathway for patients with admitting diagnosis of congestive heart failure</p>\n</div><p><b>jurisdiction</b>: <span title=\"Codes:{http://unstats.un.org/unsd/methods/m49/m49.htm 001}\">World</span></p><blockquote><p><b>action</b></p><p><b>title</b>: JVP</p><p><b>description</b>: Measure JVP daily</p><p><b>code</b>: <span title=\"Codes:{http://hl7.org/fhir/uv/cpg/CodeSystem/cpg-common-process-cs diagnostic-testing}\">diagnostic-testing</span></p><p><b>definition</b>: <a href=\"PlanDefinition-chf-jvp-pd.html\">CHFJVPPD</a></p></blockquote><blockquote><p><b>action</b></p><p><b>title</b>: O2 Sat</p><p><b>description</b>: Monitor O2 Sat</p><p><b>code</b>: <span title=\"Codes:{http://hl7.org/fhir/uv/cpg/CodeSystem/cpg-common-process-cs diagnostic-testing}\">diagnostic-testing</span></p><p><b>definition</b>: <a href=\"PlanDefinition-chf-o2-sat-pd.html\">CHFO2SatPD</a></p></blockquote><blockquote><p><b>action</b></p><p><b>title</b>: Potassium</p><p><b>description</b>: Monitor Potassium</p><p><b>code</b>: <span title=\"Codes:{http://hl7.org/fhir/uv/cpg/CodeSystem/cpg-common-process-cs diagnostic-testing}\">diagnostic-testing</span></p><p><b>definition</b>: <a href=\"PlanDefinition-chf-potassium-pd.html\">CHFPotassiumPD</a></p></blockquote><blockquote><p><b>action</b></p><p><b>title</b>: Creatinine</p><p><b>description</b>: Monitor Creatinine</p><p><b>code</b>: <span title=\"Codes:{http://hl7.org/fhir/uv/cpg/CodeSystem/cpg-common-process-cs diagnostic-testing}\">diagnostic-testing</span></p><p><b>definition</b>: <a href=\"PlanDefinition-chf-creatinine-pd.html\">CHFCreatininePD</a></p></blockquote><blockquote><p><b>action</b></p><p><b>title</b>: eGFR</p><p><b>description</b>: Monitor eGFR</p><p><b>code</b>: <span title=\"Codes:{http://hl7.org/fhir/uv/cpg/CodeSystem/cpg-common-process-cs diagnostic-testing}\">diagnostic-testing</span></p><p><b>definition</b>: <a href=\"PlanDefinition-chf-egfr-pd.html\">CHFEGFRPD</a></p></blockquote><blockquote><p><b>action</b></p><p><b>title</b>: LASIX</p><p><b>description</b>: LASIX</p><p><b>code</b>: <span title=\"Codes:{http://hl7.org/fhir/uv/cpg/CodeSystem/cpg-common-process-cs guideline-based-care}\">guideline-based-care</span></p><p><b>definition</b>: <a href=\"PlanDefinition-chf-lasix.html\">CHFLASIX</a></p></blockquote><blockquote><p><b>action</b></p><p><b>title</b>: Cardiology Consultation</p><p><b>description</b>: Cardiology Consultation within 24 hours</p><p><b>code</b>: <span title=\"Codes:{http://hl7.org/fhir/uv/cpg/CodeSystem/cpg-common-process-cs guideline-based-care}\">guideline-based-care</span></p><p><b>definition</b>: <a href=\"PlanDefinition-chf-cardiology-consultation-pd.html\">CHFCardiologyConsultation</a></p></blockquote></div>"
  },
  "extension" : [{
    "url" : "http://hl7.org/fhir/uv/cpg/StructureDefinition/cpg-knowledgeCapability",
    "valueCode" : "shareable"
  },
  {
    "url" : "http://hl7.org/fhir/uv/cpg/StructureDefinition/cpg-knowledgeCapability",
    "valueCode" : "computable"
  },
  {
    "url" : "http://hl7.org/fhir/uv/cpg/StructureDefinition/cpg-knowledgeCapability",
    "valueCode" : "publishable"
  },
  {
    "url" : "http://hl7.org/fhir/uv/cpg/StructureDefinition/cpg-knowledgeRepresentationLevel",
    "valueCode" : "structured"
  },
  {
    "url" : "http://hl7.org/fhir/uv/cpg/StructureDefinition/cpg-partOf",
    "valueCanonical" : "http://cqframework.cpg-example-chf/PlanDefinition/chf-pathway"
  },
  {
    "url" : "http://hl7.org/fhir/uv/cpg/StructureDefinition/cpg-enabled",
    "valueBoolean" : true
  }],
  "url" : "http://cqframework.cpg-example-chf/PlanDefinition/chf-hypervolemia",
  "version" : "1.0.0",
  "name" : "CHFHypervolemia",
  "type" : {
    "coding" : [{
      "system" : "http://terminology.hl7.org/CodeSystem/plan-definition-type",
      "code" : "workflow-definition"
    }]
  },
  "status" : "active",
  "experimental" : true,
  "date" : "2024-11-18T18:43:23+00:00",
  "publisher" : "HL7 International - Clinical Decision Support WG",
  "contact" : [{
    "name" : "HL7 International - Clinical Decision Support WG",
    "telecom" : [{
      "system" : "url",
      "value" : "http://www.hl7.org/Special/committees/dss/index.cfm"
    }]
  }],
  "description" : "Hypervolemia strategy as part of a care pathway for patients with admitting diagnosis of congestive heart failure",
  "jurisdiction" : [{
    "coding" : [{
      "system" : "http://unstats.un.org/unsd/methods/m49/m49.htm",
      "code" : "001",
      "display" : "World"
    }]
  }],
  "action" : [{
    "title" : "JVP",
    "description" : "Measure JVP daily",
    "code" : [{
      "coding" : [{
        "system" : "http://hl7.org/fhir/uv/cpg/CodeSystem/cpg-common-process-cs",
        "code" : "diagnostic-testing"
      }]
    }],
    "definitionCanonical" : "http://cqframework.cpg-example-chf/PlanDefinition/chf-jvp-pd"
  },
  {
    "title" : "O2 Sat",
    "description" : "Monitor O2 Sat",
    "code" : [{
      "coding" : [{
        "system" : "http://hl7.org/fhir/uv/cpg/CodeSystem/cpg-common-process-cs",
        "code" : "diagnostic-testing"
      }]
    }],
    "definitionCanonical" : "http://cqframework.cpg-example-chf/PlanDefinition/chf-o2-sat-pd"
  },
  {
    "title" : "Potassium",
    "description" : "Monitor Potassium",
    "code" : [{
      "coding" : [{
        "system" : "http://hl7.org/fhir/uv/cpg/CodeSystem/cpg-common-process-cs",
        "code" : "diagnostic-testing"
      }]
    }],
    "definitionCanonical" : "http://cqframework.cpg-example-chf/PlanDefinition/chf-potassium-pd"
  },
  {
    "title" : "Creatinine",
    "description" : "Monitor Creatinine",
    "code" : [{
      "coding" : [{
        "system" : "http://hl7.org/fhir/uv/cpg/CodeSystem/cpg-common-process-cs",
        "code" : "diagnostic-testing"
      }]
    }],
    "definitionCanonical" : "http://cqframework.cpg-example-chf/PlanDefinition/chf-creatinine-pd"
  },
  {
    "title" : "eGFR",
    "description" : "Monitor eGFR",
    "code" : [{
      "coding" : [{
        "system" : "http://hl7.org/fhir/uv/cpg/CodeSystem/cpg-common-process-cs",
        "code" : "diagnostic-testing"
      }]
    }],
    "definitionCanonical" : "http://cqframework.cpg-example-chf/PlanDefinition/chf-egfr-pd"
  },
  {
    "title" : "LASIX",
    "description" : "LASIX",
    "code" : [{
      "coding" : [{
        "system" : "http://hl7.org/fhir/uv/cpg/CodeSystem/cpg-common-process-cs",
        "code" : "guideline-based-care"
      }]
    }],
    "definitionCanonical" : "http://cqframework.cpg-example-chf/PlanDefinition/chf-lasix"
  },
  {
    "title" : "Cardiology Consultation",
    "description" : "Cardiology Consultation within 24 hours",
    "code" : [{
      "coding" : [{
        "system" : "http://hl7.org/fhir/uv/cpg/CodeSystem/cpg-common-process-cs",
        "code" : "guideline-based-care"
      }]
    }],
    "definitionCanonical" : "http://cqframework.org/cpg-example-chf/PlanDefinition/chf-cardiology-consultation-pd"
  }]
}