{
  "resourceType" : "Procedure",
  "id" : "chf-scenario1-cardiology-consult",
  "text" : {
    "status" : "extensions",
    "div" : "<div xmlns=\"http://www.w3.org/1999/xhtml\"><p class=\"res-header-id\"><b>Generated Narrative: Procedure chf-scenario1-cardiology-consult</b></p><a name=\"chf-scenario1-cardiology-consult\"> </a><a name=\"hcchf-scenario1-cardiology-consult\"> </a><a name=\"chf-scenario1-cardiology-consult-en-US\"> </a><p><b>instantiatesCaseFeature</b>: <a href=\"StructureDefinition-chf-cardiology-consult.html\">CHF Cardiology Consult</a></p><p><b>basedOn</b>: <a href=\"ServiceRequest-chf-scenario1-cardiology-consultation.html\">ServiceRequest Cardiology Consultation</a></p><p><b>status</b>: Preparation</p><p><b>category</b>: <span title=\"Codes:{http://snomed.info/sct 386053000}\">Evaluation</span></p><p><b>code</b>: <span title=\"Codes:{http://hl7.org/fhir/uv/cpg/CodeSystem/chf-codes cardiology-consultation}\">Cardiology Consultation</span></p><p><b>subject</b>: <a href=\"Patient-chf-scenario1-patient.html\">Patterson, Jeremy Male, DoB: 1949-03-17</a></p><p><b>encounter</b>: <a href=\"Encounter-chf-scenario1-encounter.html\">Encounter: status = in-progress; class = inpatient encounter (ActCode#IMP); type = Inpatient stay 9 days; priority = High priority; period = 2019-01-31 05:03:00+0000 --&gt; (ongoing)</a></p><p><b>performed</b>: 2019-02-03 11:00:00+0000 --&gt; (ongoing)</p></div>"
  },
  "extension" : [{
    "url" : "http://hl7.org/fhir/uv/cpg/StructureDefinition/cpg-instantiatesCaseFeature",
    "valueCanonical" : "http://cqframework.cpg-example-chf/StructureDefinition/chf-cardiology-consult"
  }],
  "basedOn" : [{
    "reference" : "ServiceRequest/chf-scenario1-cardiology-consultation"
  }],
  "status" : "preparation",
  "category" : {
    "coding" : [{
      "system" : "http://snomed.info/sct",
      "code" : "386053000",
      "display" : "Evaluation procedure (procedure)"
    }],
    "text" : "Evaluation"
  },
  "code" : {
    "coding" : [{
      "system" : "http://hl7.org/fhir/uv/cpg/CodeSystem/chf-codes",
      "code" : "cardiology-consultation",
      "display" : "Cardiology Consultation"
    }],
    "text" : "Cardiology Consultation"
  },
  "subject" : {
    "reference" : "Patient/chf-scenario1-patient"
  },
  "encounter" : {
    "reference" : "Encounter/chf-scenario1-encounter"
  },
  "performedPeriod" : {
    "start" : "2019-02-03T11:00:00Z"
  }
}