{
  "resourceType" : "RequestGroup",
  "id" : "chf-scenario1-daily-management",
  "text" : {
    "status" : "generated",
    "div" : "<div xmlns=\"http://www.w3.org/1999/xhtml\"><p class=\"res-header-id\"><b>Generated Narrative: RequestGroup chf-scenario1-daily-management</b></p><a name=\"chf-scenario1-daily-management\"> </a><a name=\"hcchf-scenario1-daily-management\"> </a><a name=\"chf-scenario1-daily-management-en-US\"> </a><p><b>instantiatesCanonical</b>: <a href=\"PlanDefinition-chf-daily-management.html\">CHFDailyManagement</a></p><p><b>status</b>: Active</p><p><b>intent</b>: Plan</p><p><b>subject</b>: <a href=\"Patient-chf-scenario1-patient.html\">Patterson, Jeremy Male, DoB: 1949-03-17</a></p><p><b>encounter</b>: <a href=\"Encounter-chf-scenario1-encounter.html\">Encounter: status = in-progress; class = inpatient encounter (ActCode#IMP); type = Inpatient stay 9 days; priority = High priority; period = 2019-01-31 05:03:00+0000 --&gt; (ongoing)</a></p><blockquote><p><b>action</b></p><p><b>title</b>: Weight</p><p><b>description</b>: Measure weight daily</p><p><b>code</b>: <span title=\"Codes:{http://hl7.org/fhir/uv/cpg/CodeSystem/cpg-common-process-cs diagnostic-testing}\">diagnostic-testing</span></p><blockquote><p><b>action</b></p><blockquote><p><b>id</b></p>weight</blockquote><p><b>title</b>: Weight</p><p><b>description</b>: Measure weight daily</p><p><b>code</b>: <span title=\"Codes:{http://hl7.org/fhir/uv/cpg/CodeSystem/cpg-common-process-cs diagnostic-testing}\">diagnostic-testing</span></p><p><b>timing</b>: Once per 1 days</p></blockquote><blockquote><p><b>action</b></p><p><b>title</b>: Report Weight</p><p><b>description</b>: Report weight metric daily</p><p><b>code</b>: <span title=\"Codes:{http://hl7.org/fhir/uv/cpg/CodeSystem/cpg-common-process-cs diagnostic-testing}\">diagnostic-testing</span></p><h3>RelatedActions</h3><table class=\"grid\"><tr><td style=\"display: none\">-</td><td><b>ActionId</b></td><td><b>Relationship</b></td></tr><tr><td style=\"display: none\">*</td><td>weight</td><td>After End</td></tr></table></blockquote></blockquote><blockquote><p><b>action</b></p><p><b>title</b>: Weight Change</p><p><b>description</b>: Manage weight change</p><p><b>code</b>: <span title=\"Codes:{http://hl7.org/fhir/uv/cpg/CodeSystem/cpg-common-process-cs diagnostic-testing}\">diagnostic-testing</span></p><blockquote><p><b>action</b></p><blockquote><p><b>id</b></p>weight-change</blockquote><p><b>title</b>: Weight change</p><p><b>description</b>: Measure weight change daily</p><p><b>code</b>: <span title=\"Codes:{http://hl7.org/fhir/uv/cpg/CodeSystem/cpg-common-process-cs diagnostic-testing}\">diagnostic-testing</span></p><p><b>timing</b>: Once per 1 days</p></blockquote><blockquote><p><b>action</b></p><p><b>title</b>: Report Weight Change</p><p><b>description</b>: Report weight change metric daily</p><p><b>code</b>: <span title=\"Codes:{http://hl7.org/fhir/uv/cpg/CodeSystem/cpg-common-process-cs diagnostic-testing}\">diagnostic-testing</span></p><h3>RelatedActions</h3><table class=\"grid\"><tr><td style=\"display: none\">-</td><td><b>ActionId</b></td><td><b>Relationship</b></td></tr><tr><td style=\"display: none\">*</td><td>weight-change</td><td>After End</td></tr></table></blockquote></blockquote><blockquote><p><b>action</b></p><p><b>title</b>: Urine Output</p><p><b>description</b>: Measure urine output daily</p><p><b>code</b>: <span title=\"Codes:{http://hl7.org/fhir/uv/cpg/CodeSystem/cpg-common-process-cs diagnostic-testing}\">diagnostic-testing</span></p><blockquote><p><b>action</b></p><blockquote><p><b>id</b></p>urine-out-action</blockquote><p><b>title</b>: Urine Out</p><p><b>description</b>: Measure urine output daily</p><p><b>code</b>: <span title=\"Codes:{http://hl7.org/fhir/uv/cpg/CodeSystem/cpg-common-process-cs diagnostic-testing}\">diagnostic-testing</span></p><p><b>timing</b>: Once per 1 days</p></blockquote><blockquote><p><b>action</b></p><p><b>title</b>: Report Urine Out</p><p><b>description</b>: Report urine output metric daily</p><p><b>code</b>: <span title=\"Codes:{http://hl7.org/fhir/uv/cpg/CodeSystem/cpg-common-process-cs diagnostic-testing}\">diagnostic-testing</span></p><h3>RelatedActions</h3><table class=\"grid\"><tr><td style=\"display: none\">-</td><td><b>ActionId</b></td><td><b>Relationship</b></td></tr><tr><td style=\"display: none\">*</td><td>urine-out</td><td>After End</td></tr></table></blockquote></blockquote><blockquote><p><b>action</b></p><p><b>title</b>: Net I/Os</p><p><b>description</b>: Measure net intake/output daily</p><p><b>code</b>: <span title=\"Codes:{http://hl7.org/fhir/uv/cpg/CodeSystem/cpg-common-process-cs diagnostic-testing}\">diagnostic-testing</span></p><blockquote><p><b>action</b></p><blockquote><p><b>id</b></p>net-io-action</blockquote><p><b>title</b>: Net IOs</p><p><b>description</b>: Measure net intake/output daily</p><p><b>code</b>: <span title=\"Codes:{http://hl7.org/fhir/uv/cpg/CodeSystem/cpg-common-process-cs diagnostic-testing}\">diagnostic-testing</span></p><p><b>timing</b>: Once per 1 days</p></blockquote></blockquote></div>"
  },
  "instantiatesCanonical" : ["http://hl7.org/fhir/uv/cpg/chf/PlanDefinition/chf-daily-management"],
  "status" : "active",
  "intent" : "plan",
  "subject" : {
    "reference" : "Patient/chf-scenario1-patient"
  },
  "encounter" : {
    "reference" : "Encounter/chf-scenario1-encounter"
  },
  "action" : [{
    "title" : "Weight",
    "description" : "Measure weight daily",
    "code" : [{
      "coding" : [{
        "system" : "http://hl7.org/fhir/uv/cpg/CodeSystem/cpg-common-process-cs",
        "code" : "diagnostic-testing"
      }]
    }],
    "action" : [{
      "id" : "weight",
      "title" : "Weight",
      "description" : "Measure weight daily",
      "code" : [{
        "coding" : [{
          "system" : "http://hl7.org/fhir/uv/cpg/CodeSystem/cpg-common-process-cs",
          "code" : "diagnostic-testing"
        }]
      }],
      "timingTiming" : {
        "repeat" : {
          "frequency" : 1,
          "period" : 1,
          "periodUnit" : "d"
        }
      }
    },
    {
      "title" : "Report Weight",
      "description" : "Report weight metric daily",
      "code" : [{
        "coding" : [{
          "system" : "http://hl7.org/fhir/uv/cpg/CodeSystem/cpg-common-process-cs",
          "code" : "diagnostic-testing"
        }]
      }],
      "relatedAction" : [{
        "actionId" : "weight",
        "relationship" : "after-end"
      }]
    }]
  },
  {
    "title" : "Weight Change",
    "description" : "Manage weight change",
    "code" : [{
      "coding" : [{
        "system" : "http://hl7.org/fhir/uv/cpg/CodeSystem/cpg-common-process-cs",
        "code" : "diagnostic-testing"
      }]
    }],
    "action" : [{
      "id" : "weight-change",
      "title" : "Weight change",
      "description" : "Measure weight change daily",
      "code" : [{
        "coding" : [{
          "system" : "http://hl7.org/fhir/uv/cpg/CodeSystem/cpg-common-process-cs",
          "code" : "diagnostic-testing"
        }]
      }],
      "timingTiming" : {
        "repeat" : {
          "frequency" : 1,
          "period" : 1,
          "periodUnit" : "d"
        }
      }
    },
    {
      "title" : "Report Weight Change",
      "description" : "Report weight change metric daily",
      "code" : [{
        "coding" : [{
          "system" : "http://hl7.org/fhir/uv/cpg/CodeSystem/cpg-common-process-cs",
          "code" : "diagnostic-testing"
        }]
      }],
      "relatedAction" : [{
        "actionId" : "weight-change",
        "relationship" : "after-end"
      }]
    }]
  },
  {
    "title" : "Urine Output",
    "description" : "Measure urine output daily",
    "code" : [{
      "coding" : [{
        "system" : "http://hl7.org/fhir/uv/cpg/CodeSystem/cpg-common-process-cs",
        "code" : "diagnostic-testing"
      }]
    }],
    "action" : [{
      "id" : "urine-out-action",
      "title" : "Urine Out",
      "description" : "Measure urine output daily",
      "code" : [{
        "coding" : [{
          "system" : "http://hl7.org/fhir/uv/cpg/CodeSystem/cpg-common-process-cs",
          "code" : "diagnostic-testing"
        }]
      }],
      "timingTiming" : {
        "repeat" : {
          "frequency" : 1,
          "period" : 1,
          "periodUnit" : "d"
        }
      }
    },
    {
      "title" : "Report Urine Out",
      "description" : "Report urine output metric daily",
      "code" : [{
        "coding" : [{
          "system" : "http://hl7.org/fhir/uv/cpg/CodeSystem/cpg-common-process-cs",
          "code" : "diagnostic-testing"
        }]
      }],
      "relatedAction" : [{
        "actionId" : "urine-out",
        "relationship" : "after-end"
      }]
    }]
  },
  {
    "title" : "Net I/Os",
    "description" : "Measure net intake/output daily",
    "code" : [{
      "coding" : [{
        "system" : "http://hl7.org/fhir/uv/cpg/CodeSystem/cpg-common-process-cs",
        "code" : "diagnostic-testing"
      }]
    }],
    "action" : [{
      "id" : "net-io-action",
      "title" : "Net IOs",
      "description" : "Measure net intake/output daily",
      "code" : [{
        "coding" : [{
          "system" : "http://hl7.org/fhir/uv/cpg/CodeSystem/cpg-common-process-cs",
          "code" : "diagnostic-testing"
        }]
      }],
      "timingTiming" : {
        "repeat" : {
          "frequency" : 1,
          "period" : 1,
          "periodUnit" : "d"
        }
      }
    }]
  }]
}