{
  "resourceType" : "ServiceRequest",
  "id" : "chf-scenario1-cardiology-consultation",
  "text" : {
    "status" : "generated",
    "div" : "<div xmlns=\"http://www.w3.org/1999/xhtml\"><p class=\"res-header-id\"><b>Generated Narrative: ServiceRequest chf-scenario1-cardiology-consultation</b></p><a name=\"chf-scenario1-cardiology-consultation\"> </a><a name=\"hcchf-scenario1-cardiology-consultation\"> </a><a name=\"chf-scenario1-cardiology-consultation-en-US\"> </a><p><b>instantiatesCanonical</b>: <a href=\"ActivityDefinition-chf-cardiology-consultation.html\">CHFCardiologyConsultation</a></p><p><b>status</b>: Active</p><p><b>intent</b>: Plan</p><p><b>category</b>: <span title=\"Codes:{http://snomed.info/sct 386053000}\">Evaluation</span></p><p><b>doNotPerform</b>: false</p><p><b>code</b>: <span title=\"Codes:{http://hl7.org/fhir/uv/cpg/CodeSystem/chf-codes cardiology-consultation}\">Cardiology Consultation</span></p><p><b>subject</b>: <a href=\"Patient-chf-scenario1-patient.html\">Patterson, Jeremy Male, DoB: 1949-03-17</a></p><p><b>encounter</b>: <a href=\"Encounter-chf-scenario1-encounter.html\">Encounter: status = in-progress; class = inpatient encounter (ActCode#IMP); type = Inpatient stay 9 days; priority = High priority; period = 2019-01-31 05:03:00+0000 --&gt; (ongoing)</a></p><p><b>occurrence</b>: 2019-02-03 11:00:00+0000 --&gt; 2019-02-04 11:00:00+0000</p><p><b>authoredOn</b>: 2019-02-03</p></div>"
  },
  "instantiatesCanonical" : ["http://hl7.org/fhir/uv/cpg/chf/ActivityDefinition/chf-cardiology-consultation"],
  "status" : "active",
  "intent" : "plan",
  "category" : [{
    "coding" : [{
      "system" : "http://snomed.info/sct",
      "code" : "386053000",
      "display" : "Evaluation procedure (procedure)"
    }],
    "text" : "Evaluation"
  }],
  "doNotPerform" : false,
  "code" : {
    "coding" : [{
      "system" : "http://hl7.org/fhir/uv/cpg/CodeSystem/chf-codes",
      "code" : "cardiology-consultation",
      "display" : "Cardiology Consultation"
    }],
    "text" : "Cardiology Consultation"
  },
  "subject" : {
    "reference" : "Patient/chf-scenario1-patient"
  },
  "encounter" : {
    "reference" : "Encounter/chf-scenario1-encounter"
  },
  "occurrencePeriod" : {
    "start" : "2019-02-03T11:00:00Z",
    "end" : "2019-02-04T11:00:00Z"
  },
  "authoredOn" : "2019-02-03"
}