{
  "resourceType" : "ServiceRequest",
  "id" : "chf-scenario1-o2-sat",
  "text" : {
    "status" : "generated",
    "div" : "<div xmlns=\"http://www.w3.org/1999/xhtml\"><p class=\"res-header-id\"><b>Generated Narrative: ServiceRequest chf-scenario1-o2-sat</b></p><a name=\"chf-scenario1-o2-sat\"> </a><a name=\"hcchf-scenario1-o2-sat\"> </a><a name=\"chf-scenario1-o2-sat-en-US\"> </a><p><b>instantiatesCanonical</b>: <a href=\"ActivityDefinition-chf-o2-sat-ad.html\">CHFO2Sat</a></p><p><b>status</b>: Completed</p><p><b>intent</b>: Order</p><p><b>category</b>: <span title=\"Codes:{http://snomed.info/sct 386053000}\">Evaluation</span></p><p><b>doNotPerform</b>: false</p><p><b>code</b>: <span title=\"Codes:{http://snomed.info/sct 104847001}\">Oxygen saturation measurement</span></p><p><b>subject</b>: <a href=\"Patient-chf-scenario1-patient.html\">Patterson, Jeremy Male, DoB: 1949-03-17</a></p><p><b>encounter</b>: <a href=\"Encounter-chf-scenario1-encounter.html\">Encounter: status = in-progress; class = inpatient encounter (ActCode#IMP); type = Inpatient stay 9 days; priority = High priority; period = 2019-01-31 05:03:00+0000 --&gt; (ongoing)</a></p><p><b>occurrence</b>: 2019-02-03 13:00:00+0000</p><p><b>authoredOn</b>: 2019-02-03</p></div>"
  },
  "instantiatesCanonical" : ["http://cqframework.cpg-example-chf/ActivityDefinition/chf-o2-sat-ad"],
  "status" : "completed",
  "intent" : "order",
  "category" : [{
    "coding" : [{
      "system" : "http://snomed.info/sct",
      "code" : "386053000",
      "display" : "Evaluation procedure (procedure)"
    }],
    "text" : "Evaluation"
  }],
  "doNotPerform" : false,
  "code" : {
    "coding" : [{
      "system" : "http://snomed.info/sct",
      "code" : "104847001",
      "display" : "Oxygen saturation measurement (procedure)"
    }],
    "text" : "Oxygen saturation measurement"
  },
  "subject" : {
    "reference" : "Patient/chf-scenario1-patient"
  },
  "encounter" : {
    "reference" : "Encounter/chf-scenario1-encounter"
  },
  "occurrenceDateTime" : "2019-02-03T13:00:00Z",
  "authoredOn" : "2019-02-03"
}