{
  "resourceType" : "ServiceRequest",
  "id" : "chf-scenario1-jvp",
  "text" : {
    "status" : "extensions",
    "div" : "<div xmlns=\"http://www.w3.org/1999/xhtml\"><p class=\"res-header-id\"><b>Generated Narrative: ServiceRequest chf-scenario1-jvp</b></p><a name=\"chf-scenario1-jvp\"> </a><a name=\"hcchf-scenario1-jvp\"> </a><a name=\"chf-scenario1-jvp-en-US\"> </a><p><b>rationale</b>: </p><div><p>TODO: ACC recommends measuring jugular venous pressure as part of management of hypervolemia?</p>\n</div><p><b>instantiatesCanonical</b>: <a href=\"ActivityDefinition-chf-jvp-ad.html\">CHFJVP</a></p><p><b>status</b>: Completed</p><p><b>intent</b>: Order</p><p><b>category</b>: <span title=\"Codes:{http://snomed.info/sct 386053000}\">Evaluation</span></p><p><b>doNotPerform</b>: false</p><p><b>code</b>: <span title=\"Codes:{http://hl7.org/fhir/uv/cpg/CodeSystem/chf-codes measure-jvp}\">Measure jugular venous pressure</span></p><p><b>subject</b>: <a href=\"Patient-chf-scenario1-patient.html\">Patterson, Jeremy Male, DoB: 1949-03-17</a></p><p><b>encounter</b>: <a href=\"Encounter-chf-scenario1-encounter.html\">Encounter: status = in-progress; class = inpatient encounter (ActCode#IMP); type = Inpatient stay 9 days; priority = High priority; period = 2019-01-31 05:03:00+0000 --&gt; (ongoing)</a></p><p><b>occurrence</b>: 2019-02-03 09:41:00+0000</p><p><b>authoredOn</b>: 2019-02-03</p><p><b>supportingInfo</b>: </p><ul><li><a href=\"Observation-chf-scenario1-jvp1.html\">Observation Jugular venous pressure</a></li><li><a href=\"Observation-chf-scenario1-jvp2.html\">Observation Jugular venous pressure</a></li><li><a href=\"Observation-chf-scenario1-jvp3.html\">Observation Jugular venous pressure</a></li><li><a href=\"Observation-chf-scenario1-jvp4.html\">Observation Jugular venous pressure</a></li><li><a href=\"Observation-chf-scenario1-bodyweight1-observation.html\">Observation Body weight</a></li><li><a href=\"Observation-chf-scenario1-bodyweight2-observation.html\">Observation Body weight</a></li><li><a href=\"Observation-chf-scenario1-bodyweight3-observation.html\">Observation Body weight</a></li><li><a href=\"Observation-chf-scenario1-bodyweight4-observation.html\">Observation Body weight</a></li><li><a href=\"Observation-chf-scenario1-urineout3-observation.html\">Observation Urine output 24 hour</a></li><li><a href=\"MedicationAdministration-chf-scenario1-lasix-iv.html\">MedicationAdministration: status = completed; medication[x] = LASIX IV; effective[x] = 2019-02-03 07:08:00+0000</a></li></ul></div>"
  },
  "extension" : [{
    "url" : "http://hl7.org/fhir/uv/cpg/StructureDefinition/cpg-rationale",
    "valueMarkdown" : "TODO: ACC recommends measuring jugular venous pressure as part of management of hypervolemia?"
  }],
  "instantiatesCanonical" : ["http://cqframework.cpg-example-chf/ActivityDefinition/chf-jvp-ad"],
  "status" : "completed",
  "intent" : "order",
  "category" : [{
    "coding" : [{
      "system" : "http://snomed.info/sct",
      "code" : "386053000",
      "display" : "Evaluation procedure (procedure)"
    }],
    "text" : "Evaluation"
  }],
  "doNotPerform" : false,
  "code" : {
    "coding" : [{
      "system" : "http://hl7.org/fhir/uv/cpg/CodeSystem/chf-codes",
      "code" : "measure-jvp",
      "display" : "Measure jugular venous pressure"
    }],
    "text" : "Measure jugular venous pressure"
  },
  "subject" : {
    "reference" : "Patient/chf-scenario1-patient"
  },
  "encounter" : {
    "reference" : "Encounter/chf-scenario1-encounter"
  },
  "occurrenceDateTime" : "2019-02-03T09:41:00Z",
  "authoredOn" : "2019-02-03",
  "supportingInfo" : [{
    "reference" : "Observation/chf-scenario1-jvp1"
  },
  {
    "reference" : "Observation/chf-scenario1-jvp2"
  },
  {
    "reference" : "Observation/chf-scenario1-jvp3"
  },
  {
    "reference" : "Observation/chf-scenario1-jvp4"
  },
  {
    "reference" : "Observation/chf-scenario1-bodyweight1-observation"
  },
  {
    "reference" : "Observation/chf-scenario1-bodyweight2-observation"
  },
  {
    "reference" : "Observation/chf-scenario1-bodyweight3-observation"
  },
  {
    "reference" : "Observation/chf-scenario1-bodyweight4-observation"
  },
  {
    "reference" : "Observation/chf-scenario1-urineout3-observation"
  },
  {
    "reference" : "MedicationAdministration/chf-scenario1-lasix-iv"
  }]
}